name,ly_galactic_x,ly_galactic_y,ly_galactic_z
Sol,0.0,0.0,0.0
Henry Draper (HD) 225261,-22.5,61.6,-51.7
Giclas white Dwarf (GD) 806,-10.2,10.1,-29.7
Henry Draper (HD) 127334,8.67,31.4,69.6
Gliese (Gl) 553,35.2,-12.1,39.0
Gliese (Gl) 553.1,24.6,-9.8,24.9
Gliese (Gl) 554,14.2,24.3,66.0
Gliese & Jahreiss (GJ) 1184,38.1,3.02,68.8
Vyssotsky McCormick (McC) 721,36.3,-2.62,57.9
Woolley (Wo) 9486,84.8,-29.6,89.4
Henry Draper (HD) 128642,-24.6,45.8,37.2
Gliese (Gl) 555,13.7,-5.25,13.5
Gliese (Gl) 556,-1.191,23.18,37.12
YZ Ceti,-2.05,1.2,-12.0
Sigma Boötis,14.1,14.1,46.3
Gliese (Gl) 558,15.2,21.8,60.9
Gliese (Gl) 558.1,62.1,-66.6,-11.9
Henry Draper (HD) 128311,27.6,1.52,46.4
Henry Draper (HD) 128750,156.0,53.4,328.0
Henry Draper (HD) 128400,41.5,-49.2,-16.2
Gliese (Gl) 559.1,-18.9,69.9,83.7
Mu Virginis,40.5,-9.27,44.5
Gliese (Gl) 561,77.0,60.0,205.0
Omicron Boötis,103.0,33.3,197.0
Henry Draper (HD) 7205,-83.7,108.0,-51.6
Gliese (Gl) 562,26.8,8.31,50.1
Luyten Half-Second (LHS) 378,35.1,-13.9,28.5
Henry Draper (HD) 130307,39.0,-2.03,50.9
Gliese (Gl) 563.1,15.5,32.6,70.3
Gliese (Gl) 563.3,58.0,3.09,81.8
Alpha(1) Librae,57.8,-20.1,47.0
Gliese (Gl) 564,22.8,14.5,51.9
Alpha(2) Librae,57.9,-20.1,47.0
Gliese (Gl) 565,43.5,-19.7,28.0
Henry Draper (HD) 131509,27.0,25.0,71.0
Woolley (Wo) 9046,30.0,-113.0,-425.0
Gliese (Gl) 567,17.06,7.445,32.7
Henry Draper (HD) 133002,-19.9,36.6,27.9
Luyten Half-Second (LHS) 3003,16.2,-7.93,9.22
Gliese (Gl) 569.1,-0.24,44.7,63.9
16 Librae,63.0,-8.59,65.1
Gliese (Gl) 570.1,63.8,-46.7,11.8
Henry Draper (HD) 132254,4.56,43.8,68.0
Gliese (Gl) 570.2,33.0,37.0,93.0
Gliese (Gl) 571,67.5,-44.9,18.0
Bonner Durchmusterung (BD) +60°1577,-6.75,51.0,63.4
Gliese (Gl) 54.3,59.6,-110.0,-162.0
Gliese (Gl) 571.1,47.5,-10.9,40.9
Gliese (Gl) 572,4.72,19.5,32.5
Gliese (Gl) 574,66.0,-44.8,14.5
Henry Draper (HD) 133412,92.3,-29.3,63.9
Gliese (Gl) 576,39.2,3.6,48.7
Eggen/Greenstein white dwarf (EG) 190,61.0,-9.3,57.0
Woolley (Wo) 9510,-27.4,122.0,134.0
Gliese (Gl) 577,-19.9,95.8,106.0
45 Boötis,26.7,19.6,55.1
Gliese (Gl) 579,21.4,15.9,45.2
Nu Phoenicis,5.082,-15.04,-46.46
Gliese & Jahreiss (GJ) 1189,47.5,33.1,93.9
Gliese (Gl) 579.3,94.4,-1.05,94.9
23 Librae,70.0,-25.9,37.8
Gliese & Jahreiss (GJ) 1190,65.8,-3.48,61.8
Beta Circini,75.3,-60.5,-2.61
Gliese (Gl) 580.2,-14.6,57.1,57.8
Eggen/Greenstein white dwarf (EG) 440,43.0,3.6,47.0
Woolley (Wo) 9518,61.0,-16.0,38.0
HO Librae,15.7,-1.5,13.0
Nu(2) Lupi,39.7,-25.3,5.71
Gliese (Gl) 55.2,-40.0,47.0,-47.0
Nu(1) Lupi,93.5,-59.0,14.0
Gliese (Gl) 583,46.4,-1.71,40.4
Woolley (Wo) 9520,18.4,11.1,30.3
Gliese & Jahreiss (GJ) 1191,56.5,-7.29,42.6
Gliese & Jahreiss (GJ) 1192,58.5,4.53,58.6
Henry Draper (HD) 137303,68.9,-23.4,32.5
Gliese (Gl) 585.1,59.0,7.06,58.8
Bonner Durchmusterung (BD) +11°2811,53.3,15.9,64.3
Gliese (Gl) 587,68.0,-43.0,6.9
Gliese (Gl) 587.1,40.4,33.6,73.8
Gliese (Gl) 56,-20.7,10.3,-95.5
Gliese (Gl) 588,16.91,-8.577,3.9
Henry Draper (HD) 138441,394.0,162.0,508.0
Gliese (Gl) 588.1,27.4,48.7,77.0
Gamma Librae,128.0,-18.1,79.8
Gliese (Gl) 591,19.1,38.8,58.3
Gliese (Gl) 594,50.1,-26.2,7.88
Gliese (Gl) 595,25.7,-4.73,13.4
Gliese & Jahreiss (GJ) 1195,69.0,-4.0,45.0
Alpha Serpentis,51.5,13.3,50.4
Gliese (Gl) 597,-12.2,31.7,25.7
Gliese & Jahreiss (GJ) 1037,-23.8,26.2,-36.9
Lambda Serpentis,26.74,7.642,26.39
Henry Draper (HD) 141272,52.6,9.07,44.7
Gliese (Gl) 599.1,137.0,-79.2,6.01
Epsilon Serpentis,51.6,12.3,46.2
Henry Draper (HD) 142474,-22.3,64.2,52.6
Gliese (Gl) 600,49.4,19.1,51.2
39 Serpentis,36.8,16.6,40.1
Chi Herculis,12.77,30.67,39.63
Gliese & Jahreiss (GJ) 1196,76.0,-17.0,29.0
Lambda Coronae Borealis,43.2,76.0,103.0
Gliese (Gl) 56.4,-31.0,46.0,18.0
Gamma Serpentis,22.63,11.96,25.71
Gliese (Gl) 604,43.3,-19.3,6.34
Woolley (Wo) 9532,-12.6,103.0,96.9
Woolley (Wo) 9533,40.1,40.0,63.5
Henry Draper (HD) 143313,37.0,33.0,55.0
Gliese (Gl) 604.1,191.0,-91.3,19.2
Woolley (Wo) 9535,-17.8,116.0,106.0
Gliese (Gl) 606,38.6,1.59,23.8
49 Librae,95.7,-7.83,47.1
Rho Coronae Borealis,22.5,30.2,42.6
Gliese (Gl) 1,3.18,-0.977,-13.83
Vyssotsky McCormick (McC) 372,-78.0,96.0,-56.0
Gliese (Gl) 608,-3.9,56.0,53.0
Theta Draconis,0.052,48.7,47.9
Luyten Half-Second (LHS) 3149,45.3,3.68,29.1
Gliese (Gl) 609.2,36.0,32.1,50.8
Gliese (Gl) 610,55.5,-6.68,23.2
Delta Normae,112.0,-51.1,10.0
Gliese (Gl) 611.1,62.8,-56.8,-21.9
Gliese (Gl) 611.2,-184.0,400.0,291.0
Gliese (Gl) 611.3,64.0,24.0,57.0
Gliese (Gl) 612,24.7,45.3,56.6
Gliese (Gl) 56.5,-30.46,43.58,13.49
Gliese (Gl) 612.1,25.0,36.0,48.0
Bonner Durchmusterung (BD) +47°2298,21.8,78.2,86.6
Gliese (Gl) 613,39.7,-24.6,-3.24
14 Herculis,14.6,37.9,43.1
Gliese & Jahreiss (GJ) 1199,39.7,20.1,39.3
Gliese (Gl) 615,37.8,-23.8,-4.04
Henry Draper (HD) 145809,76.0,-8.3,29.0
18 Scorpii,40.0,3.54,21.9
Giclas (G) 180-45,30.0,47.0,57.0
Woolley (Wo) 9551,-25.4,101.0,81.7
Henry Draper (HD) 8357,-63.5,58.2,-120.0
Epsilon Ophiuchi,91.8,14.4,54.1
CR Draconis,4.53,48.6,46.5
Woolley (Wo) 9553,128.0,-24.0,34.6
Gamma(2) Normae,114.0,-56.6,-1.11
Gliese (Gl) 618.1,84.4,14.4,49.5
Gliese (Gl) 618.4,72.1,-33.6,0.32
Gliese (Gl) 619,15.7,33.3,36.6
Sigma Serpentis,72.6,19.5,48.1
Gliese (Gl) 620,52.1,-6.67,15.7
Gliese (Gl) 621,64.3,2.14,28.1
Woolley (Wo) 9056,-55.3,55.8,-73.9
Gliese (Gl) 622,55.3,-4.63,18.2
Gliese (Gl) 623,4.9,18.28,18.16
Zeta Trianguli Australis,29.11,-24.63,-10.21
Gliese (Gl) 625,1.922,15.67,14.54
Gliese & Jahreiss (GJ) 1201,54.3,24.5,43.3
Gliese (Gl) 626,44.0,18.2,32.8
Gamma Apodis,101.0,-109.0,-56.8
Henry Draper (HD) 148555,43.0,41.0,52.0
Gliese (Gl) 626.2,19.0,31.7,35.1
Gliese & Jahreiss (GJ) 2121,67.0,2.3,27.0
Luyten Half-Second (LHS) 6,-22.0,20.0,-38.0
Gliese (Gl) 628,12.77,0.829,5.451
Gliese (Gl) 629,76.5,-23.2,8.02
Luyten (L) 8-61,42.0,-58.0,-35.0
Woolley (Wo) 9566,112.0,38.5,72.5
Gliese (Gl) 630,53.0,74.4,80.6
Giclas (G) 180-63,13.5,33.5,33.2
12 Ophiuchi,27.37,6.84,14.88
Gliese (Gl) 632,-29.1,68.7,48.1
Gliese (Gl) 632.1,39.2,49.7,54.5
Gliese (Gl) 632.3,135.0,54.8,88.8
Gliese & Jahreiss (GJ) 1039,-7.23,-3.59,-59.9
Woolley (Wo) 9572,98.0,40.1,63.8
Gliese (Gl) 634.1,83.6,21.2,43.0
Woolley (Wo) 9574,372.0,7.73,120.0
Henry Draper (HD) 150474,63.0,-16.0,5.9
Gliese & Jahreiss (GJ) 1205,7.32,50.9,44.2
Gliese (Gl) 635.1,-130.0,323.0,225.0
Gliese (Gl) 637.1,-10.6,62.5,47.6
Gliese (Gl) 638,14.03,20.23,20.24
Woolley (Wo) 9577,90.0,-13.0,14.0
Woolley (Wo) 9578,5.25,67.1,55.4
Gliese (Gl) 58.2,-41.1,40.8,-48.5
Gliese (Gl) 638.1,53.0,-21.0,-2.4
Gliese (Gl) 639,40.9,70.6,66.6
DN Draconis,0.82,28.0,22.3
Bonner Durchmusterung (BD) +39°3048,26.1,50.8,46.8
Gliese (Gl) 640,56.7,44.3,49.4
Bonner Durchmusterung (BD) +47°2391,21.4,73.5,63.1
Bonner Durchmusterung (BD) +38°2847,37.0,67.9,62.4
Gliese (Gl) 641,47.2,16.0,23.8
Gliese (Gl) 642,45.9,27.4,31.9
Despite its velocity’s low z-component,19.4,3.91,7.44
Gliese (Gl) 59.1,-41.0,54.2,8.0
Gliese & Jahreiss (GJ) 1207,27.8,7.4,12.2
Zeta Arae,69.0,-35.0,-12.0
Gliese & Jahreiss (GJ) 1208,47.0,41.5,42.7
Gliese (Gl) 647,90.0,58.0,63.0
19 Draconis,-3.845,39.39,29.24
Gliese (Gl) 649,19.0,20.1,19.2
Cordoba Durchmusterung (CD) -61°5703,68.0,-42.0,-17.0
Gliese (Gl) 650,81.1,10.9,24.2
Epsilon(2) Arae,77.6,-35.0,-11.3
Bonner Durchmusterung (BD) -5°4394,59.0,15.0,23.0
Henry Draper (HD) 9619,4.79,-36.9,-109.0
Gliese (Gl) 651,13.72,44.72,35.8
Gliese (Gl) 652,58.3,-4.48,7.27
Gliese (Gl) 653,31.7,8.89,12.2
Gliese (Gl) 654,28.2,7.91,10.8
Gliese (Gl) 654.1,57.0,22.0,26.2
Gliese (Gl) 654.2,33.0,24.0,23.0
Gliese (Gl) 654.3,71.0,-18.4,-1.76
Gliese (Gl) 654.4,-42.0,68.0,43.0
Gliese (Gl) 655,27.7,25.4,23.1
Gliese & Jahreiss (GJ) 1211,47.7,20.5,23.4
Woolley (Wo) 9057,-49.0,52.0,-36.0
Gliese (Gl) 656,37.7,-21.7,-9.82
Henry Draper (HD) 155121,56.5,26.0,27.4
Eta Scorpii,69.0,-18.9,-3.58
Gliese (Gl) 660.1,62.9,18.9,22.1
Henry Draper (HD) 155902,6.68,74.2,53.9
Gliese & Jahreiss (GJ) 1212,57.5,14.2,17.8
Gliese & Jahreiss (GJ) 1213,24.6,58.5,44.8
Delta Herculis,46.0,49.2,40.4
Bonner Durchmusterung (BD) -12°4699,77.3,14.9,19.8
Bonner Durchmusterung (BD) +11°3149,44.9,28.6,25.5
Gliese (Gl) 2,-15.3,32.6,-10.4
Upsilon Andromedae,-27.85,30.35,-15.25
Gliese & Jahreiss (GJ) 2128,38.7,22.0,19.9
Gliese (Gl) 665.1,75.0,1.4,9.5
Gliese (Gl) 667.1,62.6,-57.2,-33.0
Vyssotsky McCormick (McC) 791,57.0,21.0,22.0
Gliese (Gl) 668.1,35.0,11.0,11.0
Gliese (Gl) 671,13.2,30.7,22.5
72 Herculis,22.33,33.0,24.82
Gliese & Jahreiss (GJ) 1217,83.5,13.8,17.0
Gliese (Gl) 672.1,76.4,-6.65,2.08
Gliese (Gl) 673,21.52,10.05,8.364
Gliese (Gl) 62,-14.1,-14.9,-108.0
44 Ophiuchi,83.3,3.0,8.14
Gliese (Gl) 674,14.06,-4.21,-1.889
Gliese (Gl) 675,-4.565,34.63,22.85
Henry Draper (HD) 158233,59.0,2.77,5.42
Henry Draper (HD) 159062,17.2,58.8,39.4
Gliese (Gl) 679,34.8,57.1,38.7
Gliese (Gl) 680,30.0,-9.52,-5.11
Alpha Ophiuchi,35.0,25.5,17.5
Luyten (L) 270-137,61.0,-26.0,-14.0
Gliese (Gl) 682,15.9,-3.86,-2.06
Gliese (Gl) 63,-22.8,27.8,-3.18
Pi Arae,124.0,-51.3,-29.9
Gliese (Gl) 683.1,106.0,-22.8,-12.2
Gliese (Gl) 685,-0.49,38.8,24.7
Henry Draper (HD) 159868,81.0,-18.0,-10.0
Gliese (Gl) 686,17.9,16.4,10.7
Lambda Arae,66.8,-21.5,-12.8
Gliese (Gl) 687,-1.867,12.39,7.824
Gliese (Gl) 688,29.5,15.7,10.3
Gliese (Gl) 689,-11.6,51.6,32.5
Omega Draconis,-10.2,64.2,40.4
Cordoba Durchmusterung (CD) -49°451,6.3,-27.0,-64.0
Woolley (Wo) 9599,-5.89,73.0,45.6
Mu Arae,45.9,-16.4,-10.4
58 Ophiuchi,56.8,6.25,3.59
Gliese (Gl) 692.1,48.8,50.6,31.0
Gliese (Gl) 693,16.7,-7.57,-4.9
Gliese (Gl) 694,9.41,25.2,15.4
Gliese (Gl) 694.2,18.0,60.8,36.8
Gliese (Gl) 695.1,87.3,-5.72,-5.59
Woolley (Wo) 9605,104.0,60.6,34.1
Henry Draper (HD) 162160,129.0,239.0,141.0
Gliese (Gl) 64,-14.8,7.98,-36.4
Gliese (Gl) 696,65.8,24.9,12.4
Gliese & Jahreiss (GJ) 1221,-3.41,16.9,10.2
Gliese (Gl) 697,51.8,54.9,29.7
Henry Draper (HD) 162521,90.2,-56.0,-37.9
Gliese (Gl) 697.1,72.1,41.9,20.2
Gliese (Gl) 698,50.7,49.2,25.5
Henry Draper (HD) 163621,42.3,80.1,44.1
Henry Draper (HD) 163489,59.0,35.0,18.0
Gliese (Gl) 698.1,142.0,-47.0,-37.2
Woolley (Wo) 9608,130.0,1.71,-8.43
Gliese & Jahreiss (GJ) 1040,-83.0,93.0,-39.0
Gliese (Gl) 699.1,-19.6,42.1,25.6
Zeta Serpentis,68.2,30.5,11.8
Gliese (Gl) 700.2,40.6,52.8,26.1
Gliese (Gl) 701,22.8,10.7,3.67
Bonner Durchmusterung (BD) +35°3145,29.4,56.5,28.6
Gliese (Gl) 702.1,56.0,-3.54,-7.81
B. Edvardsson et al. give a venerable age of over 15 thousand-million years for this star,65.9,41.5,16.2
Gliese (Gl) 703,137.0,127.0,54.8
Iota Pavonis,48.3,-25.2,-19.5
Bonner Durchmusterung (BD) -12°4935,82.1,26.3,4.56
Woolley (Wo) 9059,-73.6,93.7,10.1
Gliese (Gl) 706,13.75,30.1,14.66
Gliese (Gl) 707,40.7,-7.02,-9.04
Bonner Durchmusterung (BD) +49°2743,16.5,76.4,39.0
Gliese (Gl) 708,64.3,66.7,25.9
36 Draconis,-4.7,67.3,36.3
Gliese (Gl) 708.2,44.9,40.2,14.5
Gliese (Gl) 708.4,19.8,64.3,30.9
Gliese (Gl) 709,14.6,48.6,23.2
Henry Draper Extension (HDE) 335828,57.3,79.3,32.4
Woolley (Wo) 9624,117.0,-23.5,-30.9
B. Edvardsson et al. measured a metallicity of about 110% of Sol for this star,-26.7,28.4,-13.4
Henry Draper (HD) 168060,72.0,-15.0,-19.0
Given this star's radial velocity and small proper motion,55.4,29.3,6.11
<B>Source for orbit data:</B> Marcy,63.0,25.0,2.3
Eta Serpentis,54.7,28.2,5.16
Gliese (Gl) 712,38.0,26.9,7.69
Giclas (G) 227-28,-0.19,37.2,19.0
Gliese & Jahreiss (GJ) 2135,62.0,20.0,-0.02
Lambda Sagittarii,75.9,10.7,-9.59
Gliese (Gl) 715,53.3,29.8,3.63
Gliese (Gl) 716,41.6,10.5,-3.63
Gliese (Gl) 67.1,37.9,-62.6,-49.8
Gliese & Jahreiss (GJ) 1228,4.84,43.8,20.4
Cape Photographic Durchmusterung (CPD) -62°5888,38.0,-20.0,-17.0
Bonner Durchmusterung (BD) +79°590,-25.3,65.6,37.3
Gliese & Jahreiss (GJ) 1229,58.7,55.6,14.2
Gliese (Gl) 717,77.4,29.6,-2.81
V774 Herculis,46.3,58.2,17.7
BY Draconis,7.98,48.5,21.3
Woolley (Wo) 9629,484.0,-75.0,-147.0
Woolley (Wo) 9630,96.0,14.7,-15.6
Vega,9.112,22.12,8.214
Gliese (Gl) 67.2,10.3,-93.1,-246.0
Gliese & Jahreiss (GJ) 2138,39.2,13.5,-3.19
Gliese (Gl) 722,40.9,9.51,-5.45
Henry Draper Extension (HDE) 349063,125.0,152.0,40.2
Gliese (Gl) 722.1,27.6,82.7,31.8
Gliese (Gl) 723,101.0,42.0,-5.5
Gliese (Gl) 724,49.5,18.2,-4.03
Gliese (Gl) 724.1,190.0,-47.6,-70.8
Gliese & Jahreiss (GJ) 2139,57.0,23.0,-3.4
Eggen/Greenstein white dwarf (EG) 225,65.3,47.2,5.29
Gliese (Gl) 725.1,24.3,80.3,29.4
Gliese (Gl) 3,21.7,-26.5,-39.4
107 Piscis,-14.09,11.98,-15.85
110 Herculis,38.5,47.7,10.8
Gliese (Gl) 725.3,254.0,-64.9,-99.4
Gliese (Gl) 726,40.0,22.7,-1.07
Gliese (Gl) 727,41.4,38.0,4.95
Gliese (Gl) 728,36.5,41.3,7.71
29 Sagittarii,73.0,19.0,-12.0
V1216 Sagittarii,9.321,1.925,-1.831
Gliese (Gl) 730,57.6,41.6,1.49
Gliese (Gl) 731,33.7,37.6,6.14
Gliese (Gl) 732.1,9.98,78.7,30.8
Gliese (Gl) 69,-27.5,34.0,1.42
Henry Draper (HD) 175073,74.4,-1.0,-23.3
Nu(2) Sagittarii,258.0,60.8,-53.8
V1285 Aquilae,28.4,24.9,1.61
Gliese (Gl) 736,62.0,47.0,0.7
V775 Herculis,39.7,56.5,11.2
Gliese (Gl) 739,41.2,-8.24,-16.7
Gliese (Gl) 740,28.0,22.9,0.46
Woolley (Wo) 9639,36.1,65.6,15.2
Bonner Durchmusterung (BD) +7°3922,63.6,55.9,1.96
Gliese (Gl) 740.1,49.0,35.0,-2.8
Bonner Durchmusterung (BD) +27°273,-39.0,36.0,-34.0
Gliese (Gl) 742,-7.93,38.8,18.3
Omicron Sagittarii,131.0,35.2,-31.5
Gliese (Gl) 743,61.0,88.3,13.3
<B>Source for orbit data:</B> Vogt,101.0,162.0,27.8
Gliese (Gl) 744,52.7,-0.2,-18.9
Tau Sagittarii,114.0,19.5,-33.1
Henry Draper (HD) 177996,96.0,-7.99,-38.0
Henry Draper (HD) 178076,89.0,10.4,-28.3
Gliese (Gl) 746,43.7,52.3,4.32
Gliese (Gl) 747.2,38.3,84.9,18.4
Hipparcos Input Catalog (HIC) 7978,7.4,-25.6,-49.9
Gliese (Gl) 747.3,59.3,-9.96,-25.8
Bonner Durchmusterung (BD) +79°615,-35.0,88.4,46.8
Gliese (Gl) 748,25.9,20.4,-2.2
59 Draconis,-25.0,76.4,38.2
Gliese & Jahreiss (GJ) 1233,1.57,61.3,22.2
Gliese (Gl) 751,48.7,78.2,9.4
Gliese (Gl) 754,16.8,-2.24,-7.52
Gliese & Jahreiss (GJ) 1234,12.4,35.2,7.7
Gliese (Gl) 754.2,28.1,75.8,15.2
Gliese (Gl) 755,63.1,4.06,-24.9
Gliese (Gl) 70,-13.0,8.8,-24.0
Rho(1) Sagittarii,110.0,41.1,-31.8
Gliese (Gl) 755.1,41.7,48.7,0.15
Gliese (Gl) 756,39.0,74.0,9.2
Gliese (Gl) 756.1,64.7,-37.8,-40.7
Gliese (Gl) 757,85.3,25.6,-28.0
Gliese (Gl) 758,20.07,45.83,7.104
31 Aquilae,33.2,36.5,-2.0
Delta Aquilae,38.1,32.0,-5.79
Gliese & Jahreiss (GJ) 1237,11.8,78.5,21.0
Luyten (L) 1140-40,50.0,48.0,-6.1
Luyten Half-Second (LHS) 145,12.0,-24.0,-31.0
Gliese (Gl) 761.1,49.0,107.0,12.9
Woolley (Wo) 9659,92.6,57.8,-23.8
Gliese & Jahreiss (GJ) 1239,65.7,4.55,-29.0
Gliese & Jahreiss (GJ) 1240,50.3,26.4,-14.9
Gliese (Gl) 761.2,57.3,45.8,-12.1
Gliese (Gl) 762.1,-0.37,51.8,16.8
Mu Aquilae,77.9,77.4,-12.5
Gliese (Gl) 763,34.5,31.5,-6.53
Sigma Draconis,-3.451,17.1,7.025
Henry Draper (HD) 184960,8.92,80.3,20.8
Tau Ceti,-3.49,0.373,-11.37
Gliese (Gl) 764.2,87.0,41.4,-29.7
Gliese & Jahreiss (GJ) 1241,27.0,52.0,3.28
Henry Draper (HD) 185501,38.5,97.2,10.5
Cordoba Durchmusterung (CD) -45°13383,82.3,-8.42,-44.3
Gliese (Gl) 765.2,-28.5,85.1,39.4
Woolley (Wo) 9666,103.0,47.8,-38.8
Gliese (Gl) 765.3,-1.39,141.0,41.1
Altair,11.04,12.33,-2.728
Henry Draper (HD) 187923,56.5,69.1,-12.9
Gliese & Jahreiss (GJ) 1244,52.0,-39.5,-39.4
Gliese (Gl) 74,-41.0,29.5,-55.7
Gliese (Gl) 770,40.2,12.7,-19.2
Woolley (Wo) 9672,83.0,81.3,-26.1
Gliese & Jahreiss (GJ) 1246,54.7,9.63,-28.8
Gliese (Gl) 772,28.2,23.3,-9.75
Gliese & Jahreiss (GJ) 1247,60.3,-18.2,-39.3
Gliese (Gl) 773.2,32.5,76.5,0.25
Gliese (Gl) 773.3,63.7,39.9,-27.6
Gliese (Gl) 773.4,59.1,7.94,-32.8
Henry Draper (HD) 189733,30.0,55.0,-4.68
Gliese (Gl) 773.6,32.0,-6.2,-21.0
Gliese (Gl) 75,-20.65,25.12,1.127
Gliese (Gl) 775.1,35.3,51.4,-9.22
Gliese (Gl) 775,29.4,29.1,-10.9
Gliese (Gl) 776,41.6,-25.4,-31.0
Gliese (Gl) 778,23.6,44.8,-4.03
15 Sagittae,31.1,47.8,-7.96
Gliese (Gl) 779.1,30.4,63.4,-4.04
Luyten Half-Second (LHS) 483,45.4,27.6,-20.8
Henry Draper (HD) 190780,1.5,59.0,13.0
Gliese & Jahreiss (GJ) 1249,15.7,59.4,3.67
Delta Pavonis,14.47,-8.39,-10.82
Gliese (Gl) 76,-23.9,-15.8,-123.0
Gliese (Gl) 781,1.05,50.5,10.6
Gliese (Gl) 781.2,82.7,45.6,-42.5
Gliese (Gl) 781.3,46.0,18.0,-25.0
Gliese (Gl) 782,42.1,17.5,-23.0
Gliese & Jahreiss (GJ) 2147,42.4,9.17,-25.1
Henry Draper (HD) 192020,20.0,76.9,3.56
Xi(2) Capricorni,71.7,42.8,-37.4
Gliese (Gl) 784,16.8,-1.446,-11.19
Bonner Durchmusterung (BD) -7°5223,49.6,36.5,-25.2
Gliese (Gl) 785,23.95,6.884,-14.39
Gliese (Gl) 5,-14.1,34.9,-24.1
Henry Draper (HD) 11007,-57.6,53.2,-42.1
Gliese (Gl) 786,-17.4,47.6,20.8
Henry Draper (HD) 192354,58.0,1.9,-38.0
Gliese (Gl) 786.1,13.7,78.2,5.84
Bonner Durchmusterung (BD) +6°4489,95.3,113.0,-42.2
Gliese (Gl) 787,47.8,-5.3,-33.3
Gliese (Gl) 788,-10.11,53.87,16.71
Woolley (Wo) 9691,84.9,-16.0,-61.0
Gliese (Gl) 790,51.4,11.5,-35.1
Gliese (Gl) 791,41.0,12.0,-27.0
HU Delphini,16.3,22.0,-8.23
Gliese (Gl) 77,-3.25,-46.9,-139.0
Gliese (Gl) 791.3,23.0,82.1,-5.42
Gliese (Gl) 793,-4.406,24.68,6.763
Gliese (Gl) 793.1,11.3,71.6,1.31
Henry Draper (HD) 195838,78.9,49.7,-52.6
Gliese (Gl) 794,18.1,44.0,-7.8
Alpha Indi,79.4,-10.0,-62.1
Phi(2) Pavonis,57.5,-25.5,-47.7
Gliese (Gl) 794.3,16.6,86.2,-2.81
Gliese (Gl) 796,36.6,14.6,-27.0
Gliese & Jahreiss (GJ) 1256,15.4,26.8,-8.7
Eggen/Greenstein white dwarf (EG) 269,-36.0,37.0,-13.0
Gliese (Gl) 798,30.0,-7.53,-24.5
Gliese & Jahreiss (GJ) 1257,56.9,24.8,-42.3
Gliese & Jahreiss (GJ) 2149,57.0,-37.0,-49.0
Gliese (Gl) 799.1,51.4,25.2,-38.2
Bonner Durchmusterung (BD) +56°2471,-5.7,76.9,12.7
Henry Draper (HD) 197214,56.7,15.5,-43.6
Eta Indi,59.9,-14.0,-49.3
Gliese (Gl) 802,-2.18,51.0,7.1
AU Microscopii,25.1,5.82,-19.7
Gliese (Gl) 804,26.9,56.9,-16.1
Gliese (Gl) 78,-14.0,3.2,-35.0
Psi Capricorni,36.2,13.5,-28.2
Gliese (Gl) 806,3.97,40.6,0.63
Woolley (Wo) 9706,-7.13,87.1,13.9
Eta Cephei,-6.45,45.35,9.455
Iota Microscopii,103.0,-5.22,-85.4
Giclas (G) 210-36,11.2,58.1,-4.12
Gliese (Gl) 808.2,19.1,63.7,-11.1
Giclas (G) 187-8,21.3,60.4,-12.5
Bonner Durchmusterung (BD) +52°2815,-1.89,72.8,7.04
31 Vulpeculae,66.5,202.0,-42.2
Alpha Trianguli,-41.7,35.9,-33.0
Gliese (Gl) 809,-3.505,22.27,4.431
Gliese & Jahreiss (GJ) 1259,33.9,60.6,-25.7
Gliese (Gl) 811,50.2,18.3,-42.8
Gliese (Gl) 811.1,32.0,25.0,-26.0
Gliese (Gl) 812.1,52.9,-2.82,-46.5
Bonner Durchmusterung (BD) +42°3917,7.7,76.0,-2.2
Gliese (Gl) 813,15.6,40.1,-11.6
Henry Draper (HD) 199620,47.0,9.0,-41.0
Henry Draper (HD) 199957,11.0,72.0,-6.9
Woolley (Wo) 9714,49.1,10.8,-43.8
Henry Draper (HD) 11373,-45.8,55.5,5.54
Gliese (Gl) 816,27.7,26.2,-24.1
Gliese (Gl) 817,42.0,26.3,-38.0
Gliese (Gl) 818,23.7,36.5,-21.2
Gliese (Gl) 820.1,31.3,-36.3,-29.6
Chi Capricorni,130.0,67.5,-122.0
Bonner Durchmusterung (BD) +24°4329,32.9,105.0,-29.9
Gliese (Gl) 821,25.3,18.9,-23.9
Woolley (Wo) 9722,-10.8,76.7,11.1
Woolley (Wo) 9724,33.7,-1.41,-32.4
Woolley (Wo) 9726,75.9,2.97,-73.2
Gliese (Gl) 79,-9.1,-2.88,-34.9
Henry Draper (HD) 201924,3.17,99.7,-3.4
Gliese (Gl) 822.2,12.0,44.0,-13.0
Gliese (Gl) 824,22.9,41.1,-23.8
AX Microscopii,9.097,0.673,-9.08
Gliese (Gl) 825.1,47.0,-23.0,-46.0
Gliese (Gl) 825.2,54.8,-1.99,-54.9
Gliese (Gl) 825.3,32.2,42.0,-33.6
Luyten (L) 212-19,50.2,-17.7,-49.1
Alpha Cephei,-9.398,47.24,7.821
Gliese & Jahreiss (GJ) 1261,-5.9,64.0,3.7
The Sign,-36.8,27.8,-37.7
Woolley (Wo) 9735,149.0,-34.0,-150.0
Gliese (Gl) 826.1,34.3,20.0,-35.7
Gliese & Jahreiss (GJ) 1262,42.2,-29.7,-42.3
Gliese (Gl) 826.2,61.0,-7.4,-63.0
Gamma Pavonis,19.34,-12.0,-19.63
Gliese (Gl) 827.1,50.9,-18.7,-52.7
Gliese (Gl) 828.1,28.0,44.0,-33.0
Gliese (Gl) 828.2,28.6,30.3,-32.7
Henry Draper (HD) 204521,-24.4,77.6,20.7
Gliese (Gl) 828.4,57.8,118.0,-70.9
Gliese (Gl) 81.2,11.5,-34.8,-52.8
Gliese (Gl) 828.5,-21.7,60.4,18.7
Gliese (Gl) 829,6.82,18.9,-8.93
Gliese (Gl) 830,33.6,28.7,-38.9
Bonner Durchmusterung (BD) +22°4409,20.0,74.0,-28.4
Henry Draper (HD) 204848,30.8,29.8,-36.4
Gliese (Gl) 832,10.81,-2.035,-11.76
Gliese (Gl) 833,31.9,-7.63,-35.2
Gliese (Gl) 835,7.51,40.0,-13.5
Nu Octantis,39.2,-40.2,-40.2
Bonner Durchmusterung (BD) +52°2996,-11.3,98.1,0.95
Gliese (Gl) 81.3,6.84,-39.1,-76.2
Gliese (Gl) 836.1,51.7,20.6,-62.1
Gamma Capricorni,78.5,58.4,-98.6
Gliese (Gl) 836.3,49.9,0.64,-58.6
Gliese (Gl) 836.5,9.99,36.2,-16.4
Rob 526,24.0,46.0,-34.0
HN Pegasi,17.6,49.7,-28.7
Gliese (Gl) 836.8,0.069,65.4,-10.2
Delta Capricorni,20.8,16.4,-28.0
AY Indi,30.9,-26.6,-33.2
Woolley (Wo) 9754,49.0,1.66,-60.0
Gliese & Jahreiss (GJ) 1002,-0.26,5.81,-14.2
Gliese (Gl) 82,-27.6,31.0,-2.31
Gliese (Gl) 838,32.6,-5.14,-38.9
Henry Draper (HD) 207687,26.0,28.0,-38.0
Woolley (Wo) 9758,-41.9,104.0,32.9
Gliese (Gl) 838.2,45.8,76.5,-72.0
Rob 299,19.0,37.0,-30.0
Gliese (Gl) 838.4,31.0,56.0,-51.0
Henry Draper (HD) 207992,0.15,128.0,-25.4
15 pegasi,10.9,84.2,-30.4
Mu Capricorni,45.4,41.8,-65.8
Eggen/Greenstein white dwarf (EG) 151,27.0,41.0,-41.0
Gliese (Gl) 82.1,-54.1,46.3,-36.5
Gliese (Gl) 838.6,30.8,-4.82,-38.2
Gliese (Gl) 839,-1.88,74.6,-13.0
Gliese (Gl) 840,5.05,63.1,-19.7
Luyten Half-Second (LHS) 516,18.1,27.3,-28.7
Gliese (Gl) 842,23.6,-12.2,-28.2
Cordoba Durchmusterung (CD) -61°6651,46.0,-25.3,-54.6
Gliese (Gl) 842.2,-25.4,60.1,19.3
Gliese (Gl) 844,11.8,44.7,-27.0
Epsilon Indi,7.159,-3.158,-8.868
Gliese (Gl) 846,12.1,22.5,-21.9
Alpha Hydri,13.7,-39.7,-57.6
Bonner Durchmusterung (BD) -12°6174,31.0,34.0,-53.0
Gliese (Gl) 847.1,58.4,-7.43,-78.9
Iota Pegasi,4.325,34.65,-15.84
Alpha Gruis,60.0,-10.5,-81.1
<B>Source for orbit data:</B> Marcy & Butler,28.2,37.6,-51.1
Gliese (Gl) 849,10.9,16.7,-20.5
Tau Piscis Austrini,33.6,8.74,-50.3
Eggen/Greenstein white dwarf (EG) 302,18.3,66.6,-44.5
Theta Pegasi,27.9,69.7,-60.8
Henry Draper (HD) 210460,9.0,48.0,-28.0
Gliese (Gl) 83.1,-8.48,5.37,-10.6
Gliese (Gl) 850,-0.91,70.2,-20.5
Gliese (Gl) 851,6.27,31.6,-18.9
Wolf 1018,23.0,56.0,-51.0
Gliese (Gl) 851.2,40.8,-0.79,-59.5
Gliese (Gl) 851.3,18.0,16.0,-31.0
Gliese (Gl) 851.4,-66.3,284.0,3.09
Gliese (Gl) 851.5,4.1,59.0,-25.7
23 Cephei,-19.2,81.7,0.68
Henry Draper (HD) 211369,47.4,-11.3,-67.0
Gliese (Gl) 854,-25.9,72.6,13.3
Henry Draper (HD) 12545,-445.0,378.0,-267.0
Gamma Aquarii,49.5,97.4,-114.0
Gliese & Jahreiss (GJ) 1267,24.8,-10.4,-34.4
Gliese (Gl) 855,35.8,-17.9,-49.0
Gliese (Gl) 857,37.7,-19.6,-51.6
Gliese (Gl) 862,24.2,8.64,-43.3
Gliese (Gl) 862.1,26.7,44.7,-64.9
Gliese (Gl) 863,7.46,30.8,-27.2
Woolley (Wo) 9787,51.3,8.0,-90.5
Upsilon Aquarii,30.4,23.7,-63.4
Gliese (Gl) 863.3,56.7,-26.0,-84.8
Henry Draper (HD) 12786,-30.0,-1.71,-77.7
Gliese (Gl) 864,13.9,36.1,-42.1
Bonner Durchmusterung (BD) +38°4818,-7.26,58.6,-17.5
Gliese (Gl) 868,19.5,7.37,-38.9
Gliese (Gl) 869,39.4,11.2,-76.8
Gliese & Jahreiss (GJ) 1271,4.72,56.1,-40.2
Henry Draper (HD) 215152,19.3,37.0,-56.5
Lambda Pegasi,0.12,338.0,-204.0
Gliese (Gl) 871.2,-22.9,93.6,-13.1
EV Lacertae,-3.09,15.7,-3.71
Epsilon Gruis,65.4,-26.2,-109.0
Gliese (Gl) 84,-9.4,-1.29,-26.0
Gliese & Jahreiss (GJ) 1273,0.69,52.5,-33.0
Woolley (Wo) 9797,42.6,-3.63,-80.2
Mu Pegasi,-2.45,100.0,-59.4
Gliese (Gl) 875,11.7,23.2,-37.5
Gliese & Jahreiss (GJ) 1275,-4.12,60.4,-30.0
Woolley (Wo) 9798,4.84,52.5,-43.9
GT Pegasi,-4.26,42.0,-19.3
Bonner Durchmusterung (BD) +22°4725,-1.51,75.2,-46.8
<B>Source for orbit data:</B> http://cfa-www.harvard.edu/planets/cat1.html,4.593,6.123,-13.29
Tau(1) Gruis,52.6,-17.5,-93.3
Alpha Arietis,-43.9,30.5,-38.5
Gliese & Jahreiss (GJ) 1276,6.61,13.3,-21.6
Gliese (Gl) 877,14.4,-16.0,-18.0
TW Piscis Austrini,10.01,2.968,-22.61
Gliese (Gl) 880,0.647,17.61,-13.91
Fomalhaut,9.693,3.755,-22.82
51 Pegasi,-0.6,41.1,-28.6
Gliese (Gl) 883,21.8,37.4,-74.4
Gliese (Gl) 884,8.844,6.952,-24.06
Pi Piscis Austrini,37.0,5.46,-85.4
Rob 115,-22.0,12.0,-26.0
Gliese & Jahreiss (GJ) 1278,-25.3,59.8,7.08
Gliese (Gl) 887,4.248,0.404,-9.847
Woolley (Wo) 9808,-38.5,88.0,13.0
Woolley (Wo) 9809,-27.0,69.0,4.4
Gliese (Gl) 889.1,5.22,31.8,-39.6
Gliese (Gl) 890,18.1,25.8,-63.9
Gliese & Jahreiss (GJ) 1279,24.3,-23.1,-35.9
Luyten Two-Tenth (LTT) 9378,14.2,53.7,-80.3
Gliese & Jahreiss (GJ) 1280,33.6,-33.0,-48.9
Gliese (Gl) 891,16.4,9.95,-47.4
Gliese & Jahreiss (GJ) 1042,-39.0,34.0,-19.0
7 Andromedae,-23.4,75.1,-14.2
Gliese (Gl) 892,-7.368,19.94,-1.134
Henry Draper (HD) 219048,29.6,-30.5,-42.8
Gliese (Gl) 893.1,14.0,39.0,-68.0
Henry Draper (HD) 219538,-12.7,68.6,-36.9
Gliese & Jahreiss (GJ) 1282,31.7,-26.2,-53.0
Gliese (Gl) 893.4,-5.3,60.0,-47.0
Bonner Durchmusterung (BD) +4°4988,4.18,54.8,-65.7
Henry Draper (HD) 219623,-21.7,62.0,-7.97
Gamma Tucanae,33.1,-24.0,-59.0
Woolley (Wo) 9003,11.4,14.4,-104.0
<B>Source for orbit data:</B> Queloz et al. (2000),1.494,-16.67,-31.42
Gliese (Gl) 894,41.9,-8.48,-97.2
Bonner Durchmusterung (BD) +8°5036,1.45,82.8,-88.2
Phi Gruis,43.6,-6.57,-104.0
Viln 82 no 35,3.5,43.0,-51.0
Woolley (Wo) 9819,59.1,-43.3,-106.0
Gliese (Gl) 894.1,-22.6,73.6,-18.5
Gamma Sculptoris,60.0,13.6,-168.0
Gliese & Jahreiss (GJ) 1283,29.2,-23.2,-50.5
Woolley (Wo) 9822,-16.4,88.3,-51.5
Gliese (Gl) 894.4,-20.0,65.8,-19.4
Gliese (Gl) 87,-21.1,8.01,-30.1
Viln 82 no 55,10.3,26.0,-57.0
Gliese (Gl) 895,-16.0,39.6,-2.18
Gliese (Gl) 895.1,38.7,-14.3,-90.2
Gliese & Jahreiss (GJ) 2155,-1.06,51.1,-57.9
Woolley (Wo) 9827,7.45,57.6,-90.6
ZZ Piscis,0.87,27.6,-35.3
Gliese (Gl) 895.3,33.7,-14.9,-78.8
Gliese & Jahreiss (GJ) 1284,10.0,12.0,-46.0
Henry Draper (HD) 221239,-18.0,71.7,-39.3
Gliese (Gl) 895.4,-21.6,50.5,-1.87
Eta Arietis,-66.1,41.6,-59.6
Viln 82 no 70,6.49,42.0,-74.3
Henry Draper (HD) 221420,22.0,-28.0,-29.0
This star may be orbiting the Gliese 897 system.,7.96,13.8,-42.6
Woolley (Wo) 9830,-32.8,97.4,-32.7
According to Freming et al. in 1988,0.92,35.2,-52.2
Gliese & Jahreiss (GJ) 1286,1.41,12.0,-20.2
Gliese (Gl) 900.1,43.7,-20.8,-107.0
Henry Draper (HD) 221851,-17.4,64.7,-36.9
Giclas white Dwarf (GD) 1192,12.0,22.0,-68.0
Cape Photographic Durchmusterung (CPD) -49°11759,29.3,-15.8,-69.9
Mu Fornacis,-70.5,-79.1,-315.0
Lambda Andromedae,-28.4,76.4,-20.9
Henry Draper (HD) 222143,-25.4,68.4,-19.1
Cordoba Durchmusterung (CD) -42°16413,20.0,-5.68,-56.5
Giclas white Dwarf (GD) 1212,4.7,22.0,-47.0
Gliese (Gl) 902,17.28,-20.57,-25.7
Gliese & Jahreiss (GJ) 2157,-25.0,56.0,-2.6
Gliese (Gl) 902.1,16.4,2.64,-58.6
Gamma Cephei,-21.14,37.84,12.06
Iota Piscis,-1.72,27.0,-35.9
Gliese (Gl) 905,-3.382,9.291,-3.008
Gliese & Jahreiss (GJ) 1044,-23.0,-8.0,-65.0
Woolley (Wo) 9835,1.73,37.8,-66.9
Gliese (Gl) 906,-19.0,55.2,-26.8
Gliese (Gl) 907,-20.4,48.5,-11.5
Gliese (Gl) 908,-0.901,10.59,-16.31
Giclas (G) 130-15,-17.6,56.6,-36.2
Henry Draper (HD) 223498,-8.52,87.0,-132.0
Gliese (Gl) 908.1,-22.0,66.2,-41.2
Woolley (Wo) 9843,-61.5,107.0,33.9
Gliese (Gl) 909.1,1.31,48.8,-104.0
Gliese (Gl) 910,-19.8,58.7,-38.8
Gliese (Gl) 90,-50.2,57.5,8.62
Gliese (Gl) 911,10.9,15.4,-78.4
II Pegasi,-37.9,110.0,-74.2
Gliese (Gl) 912,0.08,24.0,-51.0
Henry Draper (HD) 224228,19.0,-5.81,-69.2
Henry Draper (HD) 224465,-32.4,70.2,-15.5
Gliese (Gl) 913,-22.3,49.9,-14.7
Gliese & Jahreiss (GJ) 1293,7.4,26.0,-100.0
Henry Draper (HD) 224936,101.0,-27.0,-422.0
Gliese (Gl) 915,7.25,-3.9,-24.1
Luyten Half-Second (LHS) 1017<BR><B>Proper motion:</B> 0.885 arcsec/yr (98.3&deg; from north),-15.7,33.3,-10.6
Gliese (Gl) 91,-6.0,-7.7,-28.0
At apastron,-30.4,58.6,-4.27
Luyten Half-Second (LHS) 1021<BR><B>Proper motion:</B> 0.592 arcsec/yr (93.9&deg; from north),25.6,-20.7,-76.9
A would appear as magnitude -14.29,-32.2,56.8,7.69
Luyten Palomar (LP) 12-304<BR><B>Right Ascension and Declination:</B> 0h10m48s,-26.0,43.0,16.0
A would appear as magnitude -18.81,0.23,4.01,-16.5
Luyten Half-Second (LHS) 1049,26.0,-34.0,-49.0
Luyten Half-Second (LHS) 108,-13.7,34.3,-33.5
GQ Andromedae,-5.056,9.829,-3.641
Giclas (G) 242-52,-25.8,42.3,12.7
V547 Cassiopeiae,-17.2,28.1,2.7
Giclas white Dwarf (GD) 25,-52.2,43.6,-25.0
Beta(3) Tucanae,52.2,-71.5,-123.0
13 Ceti,-11.6,25.4,-62.7
Henry Draper (HD) 3359,32.7,-40.9,-130.0
At apastron,0.7,3.2,-50.6
Giclas (G) 218-8,-39.1,63.7,-9.19
Vyssotsky McCormick (McC) 88B,-5.91,14.8,-109.0
Gliese (Gl) 32,7.58,-10.7,-50.6
Giclas (G) 267-170,17.0,-22.2,-161.0
Eta Cassiopeiae,-10.54,16.22,-1.619
Luyten Palomar (LP) 350-19<BR><B>Spectral class:</B> M,-20.0,30.0,-28.0
Gliese (Gl) 91.3,-46.3,40.0,-18.9
Luyten Half-Second (LHS) 1160,-1.91,2.9,-47.0
A would appear as magnitude -11.66,-33.0,51.0,6.6
Luyten Half-Second (LHS) 1181,-24.0,33.0,-38.0
Mu Cassiopeiae,-14.28,19.81,-3.248
Luyten Half-Second (LHS) 5028<BR><B>Spectral class:</B> M3,-32.6,40.9,-43.0
Luyten Half-Second (LHS) 1213<BR><B>Right Ascension and Declination:</B> 1h9m21s,-18.3,20.0,-42.6
37 Ceti,-20.7,17.5,-74.8
A would appear as magnitude -18.61,22.5,-39.8,-51.5
Kappa(1) Tucanae,22.0,-38.7,-49.6
Luyten Half-Second (LHS) 1229<BR><B>Right Ascension and Declination:</B> 1h16m5s,-30.5,27.4,-80.3
Delta Trianguli,-25.62,19.31,-14.92
Giclas (G) 132-72<BR><B>Right Ascension and Declination:</B> 1h17m11s,-78.0,97.0,-54.0
Giclas (G) 274-15,-10.2,-6.56,-101.0
Luyten Palomar (LP) 587-50,-17.2,14.7,-41.4
Giclas (G) 272-8,-24.0,12.7,-94.8
Giclas (G) 274-60,-10.3,-3.35,-62.7
At apastron,-9.02,-10.6,-75.9
P Eridani,4.33,-12.6,-23.0
Chi Ceti,-27.9,6.81,-71.5
Giclas (G) 244-36,-31.0,38.0,2.0
Chi Eridani,4.55,-25.7,-50.7
Gliese (Gl) 6,-39.8,89.0,-46.0
Gliese (Gl) 92.1,-56.0,56.0,-6.0
Giclas (G) 272-127,-42.3,8.52,-102.0
Luyten Palomar (LP) 589-9<BR><B>Spectral class:</B> M,-51.0,24.0,-79.0
Luyten Half-Second (LHS) 5048,-67.9,32.5,-106.0
A would appear as magnitude -19.26,-1.84,-63.6,-147.0
Giclas (G) 274-146,-15.8,-13.5,-70.5
A would appear as magnitude -13.07,-42.0,39.0,-16.0
Giclas (G) 159-35,-62.4,23.9,-100.0
66 Ceti,-77.1,20.2,-127.0
At apastron,-26.4,-6.07,-67.3
Luyten Half-Second (LHS) 1376,-9.78,-11.5,-44.0
Gliese (Gl) 95,-11.8,-7.96,-38.83
Luyten Palomar (LP) 245-18<BR><B>Spectral class:</B> M,-59.0,47.0,-30.0
Luyten Half-Second (LHS) 1392,-51.4,39.9,-27.1
At apastron,-33.2,9.76,-41.6
A would appear as magnitude -20.49,-63.1,42.0,-36.7
Luyten Half-Second (LHS) 1408,-22.9,-8.52,-56.6
Luyten Palomar (LP) 298-98,-61.0,38.0,-35.0
Giclas (G) 73-71,-15.2,4.512,-17.37
Epsilon Ceti,-44.0,-5.81,-76.2
Gamma Ceti,-52.3,10.6,-62.3
Theta Persei,-28.34,22.47,-5.846
Henry Draper (HD) 14629,-10.7,-29.7,-76.8
Giclas (G) 78-3,-55.0,41.0,-16.0
Luyten Palomar (LP) 354-414<BR><B>Right Ascension and Declination:</B> 2h45m12s,-56.7,29.3,-35.3
Gliese (Gl) 114.1,0.14,-23.9,-35.3
Luyten Half-Second (LHS) 1467,-22.7,-38.2,-85.6
Giclas (G) 36-43,-59.3,28.4,-35.4
Catalogue Astrographique (AC) +55°19225,-55.8,46.6,-4.07
Henry Draper (HD) 18445,-28.7,-20.5,-64.3
Luyten Palomar (LP) 771-96<BR><B>Spectral class:</B> M3,-12.0,-4.6,-21.0
Giclas (G) 246-22,-55.4,49.8,3.69
Luyten Palomar (LP) 711-44<BR><B>Right Ascension and Declination:</B> 3h1m24s,-37.0,-9.7,-56.0
Gliese (Gl) 96,-27.6,24.3,-7.72
A would appear as magnitude -14.48,-67.0,40.0,-22.0
Luyten Two-Tenth (LTT) 1477<BR><B>Right Ascension and Declination:</B> 3h5m47s,-22.8,-21.4,-53.9
Alpha Fornacis,-17.14,-16.82,-39.27
Eggen/Greenstein white dwarf (EG) 21,7.7,-27.0,-27.0
94 Ceti,-50.0,-1.67,-53.1
Luyten Half-Second (LHS) 1523,-35.9,29.0,0.4
Giclas (G) 79-30<BR><B>Right Ascension and Declination:</B> 3h17m59s,-128.0,15.3,-104.0
Luyten Palomar (LP) 355-65<BR><B>Right Ascension and Declination:</B> 3h19m48s,-62.0,23.0,-30.0
Gliese & Jahreiss (GJ) 2030,-77.9,-16.7,-90.3
Luyten (L) 1307-14<BR><B>Right Ascension and Declination:</B> 3h21m16s,-46.0,15.0,-25.0
Woolley (Wo) 9079,-23.2,-26.2,-94.0
Cordoba Durchmusterung (CD) -50°1014<BR><B>Right Ascension and Declination:</B> 3h21m42s,-5.6,-39.0,-52.0
Luyten Palomar (LP) 772-73,-43.0,-19.0,-60.0
Luyten Half-Second (LHS) 1550<BR><B>Right Ascension and Declination:</B> 3h26m45s,-24.0,-22.0,-46.0
YPC 727.01<BR><B>Proper motion:</B> 0.176 arcsec/yr (108.9&deg; from north),-129.0,30.3,-72.0
Kappa Reticuli,7.07,-48.1,-50.2
Luyten Palomar (LP) 413-19<BR><B>Right Ascension and Declination:</B> 3h34m42s,-65.0,12.0,-38.0
A would appear as magnitude -11.63,-145.0,56.2,-48.8
Luyten Palomar (LP) 832-45<BR><B>Right Ascension and Declination:</B> 3h40m38s,-41.0,-33.0,-66.2
Catalogue Astrographique (AC) +17°449-111,-48.4,7.09,-27.6
Bonner Durchmusterung (BD) -7°410,-41.0,4.1,-71.0
Giclas (G) 221-24,-41.4,37.1,11.3
At apastron,-31.9,-31.1,-55.3
Luyten Half-Second (LHS) 181,-71.1,33.4,-14.3
Gliese (Gl) 156.1,-52.0,32.0,0.1
At apastron,-39.9,-7.8,-31.5
DY Eridani,-12.13,-4.593,-10.13
A would appear as magnitude -4.66,-68.0,-7.9,-36.0
Smithsonian Astrophysical Observatory (SAO) 233505<BR><B>Right Ascension and Declination:</B> 4h23m13s,-3.53,-65.3,-59.4
Catalogue Astrographique (AC) +58°25002,-15.2,9.33,2.44
Kappa Fornacis,-22.9,-12.5,-66.6
Aldebaran,-61.3,-1.44,-21.9
Giclas (G) 39-27,-56.2,7.41,-13.4
53 Eridani,-76.0,-46.6,-63.2
Giclas (G) 83-29<BR><B>Right Ascension and Declination:</B> 4h36m59s,-84.3,-10.8,-36.9
Alpha Caeli,-20.1,-45.2,-43.2
At apastron,-2.11,-77.7,-64.4
Bruce Proper Motion (BPM) 17965<BR><B>Apparent visual magnitude:</B> +12.15,-2.7,-27.0,-21.0
Giclas (G) 97-7<BR><B>Right Ascension and Declination:</B> 4h53m15s,-105.0,-26.9,-45.9
Delta Hydri,33.3,-86.9,-98.2
At apastron,-17.5,-15.6,-14.9
Cape Photographic Durchmusterung (CPD) -56°768,-5.65,-57.5,-44.0
9 Aurigae,-78.3,32.6,10.5
104 Tauri,-50.4,-3.7,-11.1
Steph 545<BR><B>Apparent visual magnitude:</B> +11.66,-25.0,-22.0,-21.0
Capella H,-40.2,12.4,3.37
Giclas (G) 191-29,-72.3,38.1,17.7
Luyten Half-Second (LHS) 1755<BR><B>Spectral class:</B> M2,-46.4,-21.8,-20.0
A would appear as magnitude -13.75,-41.9,-39.8,-32.1
Giclas (G) 102-4<BR><B>Right Ascension and Declination:</B> 5h26m8s,-90.3,-19.2,-19.5
Woolley (Wo) 9082,-56.3,18.4,-69.0
Luyten Palomar (LP) 417-212<BR><B>Right Ascension and Declination:</B> 5h26m34s,-55.1,-9.13,-10.1
Luyten Two-Tenth (LTT) 11677<BR><B>Right Ascension and Declination:</B> 5h31m30s,-61.0,-16.0,-13.0
Luyten Half-Second (LHS) 1771,-21.3,-67.1,-42.8
Gamma Leporis,-18.27,-19.56,-11.81
Giclas (G) 192-12<BR><B>Right Ascension and Declination:</B> 5h55m32s,-37.0,17.0,12.0
Giclas (G) 249-27,-51.0,34.7,23.1
Luyten Palomar (LP) 659-4<BR><B>Right Ascension and Declination:</B> 5h55m49s,-63.0,-37.8,-18.2
((A-B)-C) would appear as magnitude -13.89,-25.0,-38.0,-20.0
Gliese (Gl) 99.1,-74.8,47.8,-47.0
A would appear as magnitude -14.09,-33.1,-11.7,-2.18
Giclas (G) 106-36<BR><B>Right Ascension and Declination:</B> 6h14m32s,-57.1,-26.0,-5.75
Luyten Two-Tenth (LTT) 2511,-2.1,-66.0,-34.0
A would appear as magnitude -19.25,-46.4,-11.4,3.08
Luyten Two-Tenth (LTT) 2559<BR><B>Spectral class:</B> K7,-54.7,-76.0,-27.0
V577 Monoceri,-11.21,-7.351,-1.326
A would appear as magnitude -18.62,1.42,-64.0,-30.0
Giclas (G) 108-22<BR><B>Right Ascension and Declination:</B> 6h39m36s,-45.0,-24.0,-0.4
A would appear as magnitude -12.86,-56.8,15.6,21.1
Giclas (G) 87-4,-79.2,-3.98,18.6
Beta Cassiopeiae,-25.46,48.05,-2.904
Gliese (Gl) 100.1,-44.8,13.7,-55.3
Giclas (G) 250-29,-29.6,13.8,14.4
Luyten Half-Second (LHS) 1876<BR><B>Right Ascension and Declination:</B> 6h49m52s,-22.45,-17.32,-1.073
38 Geminorum,-83.9,-33.7,11.5
Giclas (G) 107-38,-74.3,4.17,25.0
At apastron,-55.5,-125.0,-34.0
Gliese (Gl) 257,-6.68,-24.1,-7.77
Henry Draper (HD) 53706,-13.8,-49.0,-14.6
Gliese (Gl) 265A,-74.3,-12.8,21.1
Giclas (G) 87-29,-74.0,0.22,26.4
Lambda Geminorum,-85.3,-33.3,22.5
Woolley (Wo) 9083,-289.0,67.0,-372.0
At apastron,-9.3,-45.6,-12.6
Delta Geminorum,-54.1,-15.9,16.7
Rho Geminorum,-55.5,-7.29,22.6
Giclas (G) 107-70,-33.3,5.88,16.6
VV Lyncis,-36.0,-1.75,15.6
Giclas (G) 88-35,-72.0,-28.0,23.0
A would appear as magnitude -13.82,-67.7,-69.8,9.07
YY Geminorum,-47.2,-6.19,19.7
Luyten Palomar (LP) 256-44<BR><B>Right Ascension and Declination:</B> 7h36m23s,-112.0,-12.1,50.2
Procyon,-9.179,-6.22,2.674
29 Arietis,-65.3,27.9,-61.0
Bonner Durchmusterung (BD) -3°2002,-34.1,-30.5,7.33
Luyten Half-Second (LHS) 234<BR><B>Spectral class:</B> M,-17.1,-23.5,1.26
VB 3<BR><B>Right Ascension and Declination:</B> 7h43m51s,-17.76,-46.11,-4.031
Luyten Half-Second (LHS) 239,-44.7,-29.2,15.7
Luyten Half-Second (LHS) 1952,-21.4,-17.9,6.65
9 Puppis,-32.7,-42.9,6.66
A would appear as magnitude -19.14,-19.51,-55.33,-3.711
A would appear as magnitude -13.68,-17.0,-37.0,-0.5
A would appear as magnitude -15.45,-41.8,-35.5,15.4
A would appear as magnitude -5.94,-56.7,-27.7,25.1
Luyten Half-Second (LHS) 1415,-22.5,-3.68,-45.0
Luyten Half-Second (LHS) 1960,3.006,-50.76,-14.26
Luyten Half-Second (LHS) 1971,-60.0,-47.0,24.0
A would appear as magnitude -12.34,-92.1,-65.4,42.7
Luyten Half-Second (LHS) 5134,-46.8,-18.3,24.4
A would appear as magnitude -11.22,-58.0,-8.98,33.5
18 Puppis,-41.8,-58.7,13.5
At apastron,-39.2,-57.0,14.0
Henry Draper (HD) 69565,-12.0,-44.0,-0.1
At apastron,-79.0,-10.0,54.0
CU Cancri,-32.5,-15.4,21.2
Henry Draper (HD) 15833,-53.0,17.0,-60.0
Giclas (G) 113-43,-40.0,-49.0,22.0
Henry Draper (HD) 72946,-59.5,-49.3,38.9
At apastron,-25.5,-58.3,13.1
Luyten Palomar (LP) 485-38<BR><B>Spectral class:</B> M,-57.0,-44.0,38.0
Giclas (G) 46-2,-34.1,-25.7,23.7
Luyten (L) 387-60<BR><B>Right Ascension and Declination:</B> 8h40m22s,-9.49,-72.3,-0.59
Delta Velorum,2.876,-79.03,-10.21
At apastron,-69.0,-58.0,53.0
Rho(1) Cancri,-30.9,-9.36,25.0
Luyten Half-Second (LHS) 257<BR><B>Proper motion:</B> 1.407 arcsec/yr (254.1&deg; from north),-23.9,17.9,21.7
Gliese (Gl) 102,-23.4,13.2,-17.1
Luyten Half-Second (LHS) 2070,-22.0,-39.0,16.0
Luyten Half-Second (LHS) 2077,-12.2,-6.34,10.1
Iota Ursae Majoris,-35.4,5.15,31.6
10 Ursae Majoris,-40.0,-0.068,35.7
Giclas (G) 46-16,-48.0,-46.0,40.0
A would appear as magnitude -13.56,-40.8,-26.5,34.7
Sigma(2) Ursae Majoris,-43.7,28.5,41.6
Woolley (Wo) 9287,-40.6,-135.0,37.4
Luyten (L) 317-2<BR><B>Spectral class:</B> K0,-8.8,-257.0,9.0
Pi(1) Cancri,-42.8,-30.2,41.5
CC Eridani,-3.613,-16.52,-33.52
Henry Draper (HD) 79211,-14.1,3.76,13.7
At apastron,-52.0,51.4,50.3
A would appear as magnitude -19.31,-33.7,-36.5,33.8
At apastron,-39.1,-13.2,39.5
Luyten Palomar (LP) 313-38<BR><B>Right Ascension and Declination:</B> 9h15m46s,-45.0,-17.0,44.0
Giclas (G) 115-69<BR><B>Right Ascension and Declination:</B> 9h16m12s,-46.6,-3.6,46.2
(A-B) would appear as magnitude -14.91,28.7,-102.0,-25.6
A would appear as magnitude -22.76,-43.9,-75.5,52.5
Giclas (G) 161-34,-23.2,-41.1,27.4
Tau(1) Hydrae,-26.0,-38.9,30.3
Henry Draper (HD) 16348,21.0,-50.0,-49.8
Luyten Palomar (LP) 902-30<BR><B>Proper motion:</B> 0.393 arcsec/yr (349.0&deg; from north),-9.25,-60.5,15.3
Psi Velorum,-2.91,-59.9,8.43
At apastron,-11.9,-28.2,15.6
Theta Ursae Majoris,-29.47,7.573,31.76
Luyten Palomar (LP) 314-20<BR><B>Right Ascension and Declination:</B> 9h29m54s,-37.4,-14.5,41.7
11 Leonis Minoris,-23.91,-3.735,27.27
Theta Antliae,-9.8,-58.0,21.0
A would appear as magnitude -17.91,11.2,-84.8,1.29
Gliese & Jahreiss (GJ) 1130,-7.2,-79.4,25.2
Giclas (G) 116-73<BR><B>Right Ascension and Declination:</B> 9h56m15s,-45.0,3.5,57.0
Woolley (Wo) 9085,-66.6,6.43,-96.2
A would appear as magnitude -15.34,-38.4,38.4,43.0
Gliese (Gl) 379.1,0.36,-96.1,28.3
B would appear as magnitude -12.05,17.5,-131.0,17.0
39 Leonis,-35.7,-21.9,61.1
Luyten Half-Second (LHS) 2254,17.3,-63.0,-2.83
Giclas (G) 196-23,-36.0,11.0,52.0
Luyten Half-Second (LHS) 2267<BR><B>Spectral class:</B> M,-42.1,11.2,63.3
Luyten Palomar (LP) 92-176<BR><B>Right Ascension and Declination:</B> 10h28m17s,-31.8,16.4,44.4
Vyssotsky McCormick (McC) 583C<BR><B>Spectral class:</B> M,-5.4,-65.0,39.0
Luyten Palomar (LP) 167-73<BR><B>Right Ascension and Declination:</B> 10h31m28s,-36.0,7.3,56.0
Catalogue Astrographique (AC) +19°1154-111,-34.2,16.8,-28.0
Bruce Proper Motion (BPM) 54257<BR><B>Apparent visual magnitude:</B> +11.67,5.61,-50.0,17.6
Luyten Palomar (LP) 316-605<BR><B>Right Ascension and Declination:</B> 10h42m8s,-34.0,-8.6,66.0
A would appear as magnitude -18.05,-21.6,-0.66,40.6
Luyten Half-Second (LHS) 290<BR><B>Spectral class:</B> DQ9,-1.9,-35.0,24.0
Luyten Palomar (LP) 128-32<BR><B>Right Ascension and Declination:</B> 10h47m40s,-47.7,19.9,78.3
Hipparcos Input Catalog (HIC) 53947,-13.5,-16.9,42.5
Chi(1) Hydrae,13.7,-122.0,70.8
WX Ursae Majoris,-6.974,1.423,14.06
Giclas (G) 163-50,-6.4,-42.0,49.0
Bonner Durchmusterung (BD) +31°2238,-13.7,-4.24,36.1
Epsilon Phoenicis,38.5,-28.4,-132.0
Gliese & Jahreiss (GJ) 1048,-24.9,-14.3,-63.1
Luyten Half-Second (LHS) 2369<BR><B>Proper motion:</B> 0.766 arcsec/yr (236.9&deg; from north),-22.8,5.06,48.1
A would appear as magnitude -14.67,-23.6,26.4,32.2
Gliese & Jahreiss (GJ) 1143,6.88,-60.5,42.0
Luyten Half-Second (LHS) 2378,2.09,-39.7,32.3
A would appear as magnitude -14.64,-57.9,31.9,109.0
SZ Crateris,4.04,-33.7,26.2
Gliese (Gl) 426,-23.2,-30.9,95.4
Giclas (G) 253-49,-36.0,46.0,46.0
Woolley (Wo) 9087,-45.7,4.47,-64.8
At apastron,16.5,-38.6,-0.49
83 Leonis,-4.89,-29.6,49.2
88 Leonis,-12.0,-25.7,69.5
At apastron,-39.6,34.9,72.6
Luyten Half-Second (LHS) 309,7.064,-26.73,14.27
Luyten Half-Second (LHS) 2436<BR><B>Right Ascension and Declination:</B> 11h36m6s,-27.4,11.6,69.9
Luyten Half-Second (LHS) 313,9.564,-26.51,10.66
Gliese (Gl) 444,9.37,-53.0,59.7
Luyten Palomar (LP) 613-50<BR><B>Right Ascension and Declination:</B> 11h45m9s,0.3,-26.0,44.0
Lambda(2) Fornacis,-18.6,-28.6,-76.0
Luyten Palomar (LP) 493-64<BR><B>Right Ascension and Declination:</B> 11h49m45s,-3.0,-19.0,48.0
CF Ursae Majoris,-7.879,1.643,28.76
A would appear as magnitude -8.68,3.62,-23.7,31.6
A would appear as magnitude -19.62,50.4,-130.0,60.8
Henry Draper (HD) 103431,-14.1,-27.4,117.0
A would appear as magnitude -16.76,43.2,-90.6,10.0
Luyten Half-Second (LHS) 5204,9.7,-37.0,41.0
A would appear as magnitude -20.33,61.5,-151.0,83.1
Luyten Two-Tenth (LTT) 4546<BR><B>Right Ascension and Declination:</B> 12h6m55s,14.0,-46.0,57.0
Luyten (L) 326-41<BR><B>Right Ascension and Declination:</B> 12h7m23s,27.1,-56.9,18.2
Woolley (Wo) 9089,-90.1,53.9,-51.6
Luyten Palomar (LP) 794-31<BR><B>Right Ascension and Declination:</B> 12h8m43s,10.7,-29.1,27.9
Luyten Two-Tenth (LTT) 13390<BR><B>Right Ascension and Declination:</B> 12h8m58s,-24.0,24.0,66.0
Giclas (G) 197-50<BR><B>Right Ascension and Declination:</B> 12h9m51s,-16.7,16.7,44.0
B would appear as magnitude -13.07,15.5,-56.0,94.0
Luyten Half-Second (LHS) 2531<BR><B>Right Ascension and Declination:</B> 12h11m46s,2.88,-12.6,24.4
Luyten Half-Second (LHS) 2542,6.67,-29.8,64.0
A would appear as magnitude -15.90,7.2,-23.0,46.0
Giclas (G) 148-59,-7.16,-4.61,89.4
Luyten Palomar (LP) 735-11<BR><B>Right Ascension and Declination:</B> 12h26m18s,9.9,-22.0,31.0
Luyten Half-Second (LHS) 330,-20.6,24.4,63.5
McCook & Sion White Dwarf (WD) 235+64,-36.0,10.0,-41.0
Luyten Half-Second (LHS) 2568,12.0,-27.0,46.0
A would appear as magnitude -19.22,23.5,-48.1,61.4
FL Virginis,1.45,-4.24,13.3
Luyten Two-Tenth (LTT) 4788<BR><B>Right Ascension and Declination:</B> 12h32m58s,30.5,-54.5,33.0
Porrima,9.11,-16.3,33.8
Luyten Palomar (LP) 171-46<BR><B>Right Ascension and Declination:</B> 12h39m17s,-16.0,21.0,69.0
Luyten Two-Tenth (LTT) 4899<BR><B>Right Ascension and Declination:</B> 12h45m31s,27.1,-43.3,40.0
Luyten Palomar (LP) 377-79,3.9,-6.0,81.0
Luyten Palomar (LP) 674-34<BR><B>Right Ascension and Declination:</B> 12h52m21s,42.3,-61.6,113.0
BF Canum Venaticorum,-3.41,7.69,58.4
Gliese (Gl) 105.3,-71.4,-53.5,-195.0
<B>Source for orbit data:</B> Mayor,25.1,-33.1,54.5
A would appear as magnitude -21.41,42.5,-55.1,62.4
A would appear as magnitude -17.13,7.39,-3.52,60.1
Despite the "A" designation in the LDS and GJ catalog numbers,2.1,3.4,52.0
Alpha Comae Berenices,10.5,-5.98,61.9
A would appear as magnitude -19.50,34.7,-47.3,3.42
Luyten Half-Second (LHS) 2714<BR><B>Proper motion:</B> 0.658 arcsec/yr (113.3&deg; from north),7.1,-3.12,35.8
Giclas (G) 164-65,0.71,7.49,42.3
At apastron,-3.91,10.9,29.5
Henry Draper (HD) 116443,18.3,-13.8,47.0
Gliese & Jahreiss (GJ) 1049,3.8,-25.0,-34.0
At apastron,5.45,6.17,59.9
Luyten Half-Second (LHS) 5250<BR><B>Spectral class:</B> M4,16.0,-12.0,33.0
At apastron,6.4,9.9,66.0
VW Comae Berenices,12.8,-2.51,50.1
Giclas (G) 255-37,-52.1,94.5,99.0
A would appear as magnitude -10.09,20.0,25.0,174.0
Giclas (G) 177-45<BR><B>Right Ascension and Declination:</B> 13h35m38s,-6.13,27.1,65.8
A would appear as magnitude -13.56,-8.72,33.9,74.5
Henry Draper (HD) 16673,-36.9,-2.54,-59.7
A would appear as magnitude -12.06,33.9,-32.2,25.9
Tau Boötis,14.6,-0.12,48.7
Luyten Half-Second (LHS) 361,8.43,3.16,38.1
Luyten Half-Second (LHS) 2806,60.4,-57.5,39.5
A would appear as magnitude -16.49,20.0,-9.5,42.0
A would appear as magnitude -17.03,8.47,5.85,43.3
A would appear as magnitude -16.59,35.8,-30.1,28.5
Luyten (L) 259-140<BR><B>Spectral class:</B> M,25.0,-27.0,4.3
B would appear as magnitude -14.24,31.0,0.9,82.0
Luyten Half-Second (LHS) 2850<BR><B>Proper motion:</B> 0.585 arcsec/yr (94.5&deg; from north),-0.11,14.8,33.5
Gliese (Gl) 105.5,-47.0,7.7,-59.0
Luyten Half-Second (LHS) 2876,42.8,-14.0,68.7
Luyten Two-Tenth (LTT) 5581,52.0,-29.0,56.0
Iota Boötis,-4.3,47.0,85.0
Gliese (Gl) 542.1,41.1,-26.5,31.2
Luyten Half-Second (LHS) 2895<BR><B>Spectral class:</B> M6,40.4,-14.4,52.5
Giclas (G) 166-28,17.6,9.71,51.0
Theta Boötis,-1.59,23.95,41.02
Giclas (G) 124-44<BR><B>Right Ascension and Declination:</B> 14h25m24s,30.1,-6.75,42.8
Phi Virginis,80.7,-20.4,106.0
A would appear as magnitude -16.38,99.5,-44.2,92.4
Woolley (Wo) 9094,-60.0,-62.3,-189.0
Alpha Circini,37.45,-37.91,-4.631
Bonner Durchmusterung (BD) +20°3009,30.9,12.6,65.2
Luyten Palomar (LP) 858-23<BR><B>Right Ascension and Declination:</B> 14h41m49s,61.0,-29.0,45.0
54 Hydrae,76.2,-38.6,50.6
Luyten Half-Second (LHS) 379,53.0,-26.0,34.0
Luyten Two-Tenth (LTT) 14398<BR><B>Right Ascension and Declination:</B> 14h48m37s,48.2,5.89,74.4
Xi Boötis,9.815,4.189,19.07
A would appear as magnitude -15.19,13.4,8.46,29.3
Luyten Half-Second (LHS) 3002,25.0,10.0,47.0
Proxima Centauri,2.946,-3.021,-0.169
6 Ceti,1.41,15.7,-59.6
12 Persei,-63.1,43.7,-24.2
Henry Draper (HD) 131976,15.2,-5.906,10.25
A would appear as magnitude -11.38,194.0,-10.3,222.0
i Boötis,4.02,22.4,34.9
Henry Draper (HD) 134440,76.2,-20.2,53.9
Zeta Lupi,93.4,-68.5,10.1
Giclas (G) 136-78,45.4,23.1,77.6
A would appear as magnitude -24.22,40.0,-0.4,39.8
A would appear as magnitude -19.06,92.5,-58.2,13.7
Gliese & Jahreiss (GJ) 2112,46.0,-18.0,22.0
Eta Coronae Borealis,22.9,24.8,50.5
Gliese (Gl) 106,-45.2,19.5,-35.2
Mu(2) Boötis,33.9,58.6,100.0
Giclas (G) 151-61<BR><B>Right Ascension and Declination:</B> 15h25m3s,51.1,-4.67,39.6
Giclas (G) 137-25,26.1,13.7,35.9
At apastron,18.7,38.0,57.2
Luyten Half-Second (LHS) 403<BR><B>Right Ascension and Declination:</B> 15h38m17s,9.29,25.5,35.3
Luyten Palomar (LP) 384-43<BR><B>Right Ascension and Declination:</B> 15h40m57s,50.0,45.0,85.0
Psi Serpentis,35.4,6.25,31.6
Eggen/Greenstein white dwarf (EG) 114<BR><B>Proper motion:</B> 0.468 arcsec/yr (241.9&deg; from north),44.9,-18.5,10.7
Beta Trianguli Australis,31.39,-24.4,-5.557
Giclas (G) 180-9,24.0,35.0,52.0
Iota Horologii,-0.943,-29.58,-47.82
Luyten (L) 20-30<BR><B>Spectral class:</B> M,47.0,-60.0,-34.0
Luyten Palomar (LP) 329-19<BR><B>Right Ascension and Declination:</B> 15h59m46s,31.4,36.4,54.3
Xi Scorpii,80.7,0.038,45.5
Henry Draper (HD) 144088,81.1,0.5,44.5
(A-B) would appear as magnitude -13.79,128.0,-36.9,32.5
Giclas (G) 180-27,14.46,27.62,34.98
Gliese (Gl) 615.1,53.6,27.8,51.6
Sigma Coronae Borealis,28.4,39.8,51.1
Giclas (G) 225-58,-4.62,26.4,22.1
Luyten Half-Second (LHS) 416<BR><B>Spectral class:</B> M5,26.1,-8.15,4.03
Gliese (Gl) 109,-19.8,10.2,-13.3
Woolley (Wo) 9557,28.1,55.0,61.9
Eta Ursae Minoris,-26.1,75.0,56.2
Cordoba Durchmusterung (CD) -38°10980,39.6,-12.9,4.9
Eta Draconis,-2.78,66.2,57.5
Luyten Half-Second (LHS) 3204<BR><B>Spectral class:</B> K3,40.5,28.6,40.1
Gliese (Gl) 629.2,137.0,29.1,71.8
Giclas (G) 225-68,2.15,35.7,30.9
Catalogue Astrographique (AC) +76°5655<BR><B>Right Ascension and Declination:</B> 16h35m47s,-27.3,79.8,57.6
Zeta Herculis,16.4,21.48,22.57
V1054 Ophiuchi,17.1,3.34,6.73
Henry Draper (HD) 17169,-76.2,-134.0,-316.0
A would appear as magnitude -15.12,60.5,-14.9,1.45
Henry Draper (HD) 153525,12.9,42.9,35.4
Giclas (G) 226-44,1.51,65.8,49.1
Mu Draconis,9.55,69.7,52.8
Eta Ophiuchi,81.2,10.1,19.5
Bonner Durchmusterung (BD) +54°1862,7.6,55.3,40.8
A would appear as magnitude -15.33,31.1,11.0,12.3
Luyten Half-Second (LHS) 434<BR><B>Spectral class:</B> M3.5,5.37,15.9,12.0
36 Ophiuchi,19.35,-0.405,2.086
Luyten (L) 845-16,65.0,13.0,17.0
Mu Ceti,-59.1,17.1,-57.6
Luyten Half-Second (LHS) 445<BR><B>Proper motion:</B> 1.053 arcsec/yr (80.5&deg; from north),27.2,-8.51,-2.91
Luyten Half-Second (LHS) 443<BR><B>Right Ascension and Declination:</B> 17h15m34s,22.0,-3.2,0.6
V645 Herculis,19.7,22.7,17.9
Xi Ophiuchi,56.0,3.86,8.2
A would appear as magnitude -8.63,48.5,-18.5,-8.73
At apastron,40.3,53.6,37.6
At apastron,47.4,19.8,15.6
Gliese (Gl) 678.1,26.8,14.8,11.1
Luyten Two-Tenth (LTT) 7003<BR><B>Right Ascension and Declination:</B> 17h33m36s,276.0,-92.0,-48.0
A would appear as magnitude -19.04,60.0,-8.5,-4.1
Tau(1) Eridani,-20.0,-7.65,-40.2
26 Draconis,-0.644,38.71,24.75
Gliese (Gl) 686.1,44.6,47.6,31.0
Luyten (L) 1422-15,49.3,63.1,41.0
A would appear as magnitude -9.89,-0.3,67.0,42.0
Gliese (Gl) 690,-13.9,65.1,40.7
Psi(1) Draconis,-13.8,60.0,37.1
Mu Herculis,15.06,19.58,11.85
Tau Ophiuchi,52.0,19.0,6.7
70 Ophiuchi,14.08,8.195,3.112
Gliese (Gl) 112,-65.0,32.3,-41.8
72 Ophiuchi,64.4,48.3,19.4
99 Herculis,25.71,39.79,19.06
Giclas (G) 204-57,13.8,31.3,14.3
Chi Draconis,-5.403,22.54,12.39
Giclas (G) 205-32,12.6,45.2,18.7
Luyten Half-Second (LHS) 3404<BR><B>Spectral class:</B> M4.5,14.0,19.0,5.5
Henry Draper (HD) 173740,0.118,10.62,4.762
Luyten (L) 273-101,96.4,-31.0,-42.3
A would appear as magnitude -8.48,41.0,-1.7,-13.0
A would appear as magnitude -13.55,38.0,36.0,3.4
Gliese (Gl) 112.1,-37.1,11.4,-34.5
A would appear as magnitude -14.34,35.6,-12.6,-16.5
At apastron,21.19,42.64,10.94
Giclas (G) 229-19<BR><B>Right Ascension and Declination:</B> 18h55m15s,7.0,72.0,28.0
Gamma Coronae Australis,55.1,0.47,-19.3
Zeta Aquilae,56.5,61.0,4.05
Catalogue Astrographique (AC) +20°1463-154,17.1,23.2,2.84
A would appear as magnitude -17.33,11.4,23.5,4.98
Henry Draper (HD) 179957,12.3,76.6,23.9
Luyten Half-Second (LHS) 3448,92.0,72.0,-9.8
Gliese & Jahreiss (GJ) 1052,-41.0,2.9,-55.0
Giclas (G) 185-13,37.6,49.4,4.08
At apastron,46.6,-6.47,-20.8
Luyten Half-Second (LHS) 474,14.55,12.41,-1.103
Catalogue Astrographique (AC) -7°342-397,28.3,15.9,-5.7
Woolley (Wo) 9657,232.0,51.0,-88.6
A would appear as magnitude -12.23,63.1,65.1,-9.83
A would appear as magnitude -14.50,83.4,46.2,-26.1
Theta Cygni,7.309,58.46,14.37
Woolley (Wo) 9664,109.0,-43.2,-67.7
16 Cygni,7.72,68.3,15.9
Gliese (Gl) 10.1,68.4,-75.8,-162.0
Giclas (G) 174-14,-25.5,21.7,-2.73
At apastron,23.8,61.8,4.92
A would appear as magnitude -13.45,15.7,31.3,0.57
Luyten Half-Second (LHS) 3483<BR><B>Proper motion:</B> 0.623 arcsec/yr (131.0&deg; from north),16.7,40.6,2.53
17 Cygni,24.5,63.2,5.26
Omicron Aquilae,40.6,47.6,-9.5
V1581 Cygni,2.94,14.9,2.28
Beta Aquilae,30.1,31.8,-8.96
Luyten Half-Second (LHS) 3503,50.7,27.9,-21.3
Giclas (G) 230-20<BR><B>Right Ascension and Declination:</B> 19h55m30s,-3.1,79.0,22.0
Luyten Half-Second (LHS) 3512<BR><B>Proper motion:</B> 0.863 arcsec/yr (172.5&deg; from north),32.1,-18.1,-23.5
VY Arietis,-114.0,62.9,-60.4
Giclas (G) 125-55,19.94,47.84,-0.581
Luyten Half-Second (LHS) 3523,41.0,7.16,-23.2
Luyten Half-Second (LHS) 487<BR><B>Spectral class:</B> M3.5,16.74,1.636,-10.32
Giclas (G) 143-35,36.2,55.1,-11.0
Giclas (G) 24-9,46.8,53.4,-19.0
Rho Capricorni,76.1,39.2,-49.1
A would appear as magnitude -15.72,27.3,69.6,-9.85
At apastron,35.3,43.9,-22.5
Gliese & Jahreiss (GJ) 1255,-30.0,86.2,31.4
VW Cephei,-28.1,79.9,31.1
Gliese (Gl) 114,-54.7,18.8,-44.8
Giclas (G) 144-26,29.4,59.8,-15.7
AT Microscopii,26.1,5.33,-20.0
A would appear as magnitude -14.23,36.0,18.7,-26.7
Luyten Two-Tenth (LTT) 16065,34.0,48.0,-22.0
Epsilon Cygni,17.4,69.6,-7.15
Luyten Half-Second (LHS) 500<BR><B>Right Ascension and Declination:</B> 20h52m47s,28.6,19.1,-23.0
Luyten Half-Second (LHS) 3601,32.2,30.7,-25.7
V1396 Cygni,6.13,48.7,-3.52
Giclas (G) 187-14,12.0,53.0,-8.3
Gliese (Gl) 816.1,2.77,63.1,-0.63
Gliese (Gl) 115,-23.6,-90.7,-165.0
Eta Capricorni,109.0,59.2,-98.2
(A-B) would appear as magnitude -16.44,37.9,-31.7,-35.9
Gliese (Gl) 819,37.3,27.0,-34.5
61 Cygni,1.438,11.27,-1.189
A would appear as magnitude -10.14,49.9,52.3,-46.7
Delta Equulei,26.2,47.4,-26.4
Tau Cygni,8.44,67.1,-8.85
Luyten Palomar (LP) 341-14<BR><B>Right Ascension and Declination:</B> 21h13m54s,11.0,48.0,-11.0
A would appear as magnitude -5.54,46.0,42.0,-46.0
Luyten Two-Tenth (LTT) 16246<BR><B>Spectral class:</B> M4,21.0,59.0,-22.0
Gliese (Gl) 116,-39.0,23.0,-18.0
Theta Indi,67.8,-19.8,-66.6
Luyten Half-Second (LHS) 3656<BR><B>Proper motion:</B> 0.643 arcsec/yr (236.8&deg; from north),41.0,16.3,-42.2
Luyten (L) 353-9<BR><B>Right Ascension and Declination:</B> 21h23m36s,53.3,-4.26,-55.0
A would appear as magnitude -17.83,14.3,13.7,-16.8
Luyten Half-Second (LHS) 3688,22.0,33.0,-27.0
Luyten Palomar (LP) 286-5<BR><B>Apparent visual magnitude:</B> +12.30,3.15,68.7,-11.5
Giclas (G) 126-30<BR><B>Right Ascension and Declination:</B> 21h41m45s,16.1,48.6,-25.6
Mu(2) Cygni,10.7,68.5,-23.2
At apastron,39.4,-17.2,-44.7
Luyten (L) 427-34,32.0,-0.2,-38.0
Bonner Durchmusterung (BD) +65°585,-61.0,57.0,2.1
Giclas (G) 93-41,29.8,57.8,-45.8
A would appear as magnitude -13.86,48.1,-50.1,-50.8
Gliese (Gl) 838.3,-2.47,94.9,-15.4
A would appear as magnitude -13.91,4.9,63.0,-19.0
McCook & Sion White Dwarf (WD) 2154-512,32.7,-8.87,-40.6
Luyten Half-Second (LHS) 3738,46.0,12.0,-62.0
Luyten Half-Second (LHS) 3750,56.3,-46.3,-64.3
Luyten (L) 283-10<BR><B>Right Ascension and Declination:</B> 22h4m33s,96.9,-28.3,-125.0
Giclas (G) 232-62<BR><B>Right Ascension and Declination:</B> 22h14m10s,-14.1,68.5,-2.02
Luyten Half-Second (LHS) 3788<BR><B>Spectral class:</B> M5e,13.3,17.2,-25.2
EP Eridani,-17.7,-3.868,-28.6
A would appear as magnitude -18.52,25.55,-9.805,-34.95
Nu Indi,51.8,-48.7,-61.9
A would appear as magnitude -14.43,-0.5,49.0,-19.0
A would appear as magnitude -17.14,5.8,60.7,-33.9
Luyten Half-Second (LHS) 3809,22.6,55.8,-57.8
53 Aquarii,27.0,25.5,-54.0
34 Pegasi,31.7,88.3,-88.1
A would appear as magnitude -19.65,8.9,41.0,-32.0
DO Cephei,-3.39,12.6,0.02
A would appear as magnitude -17.24,-16.8,69.1,-4.5
Henry Draper (HD) 17970,-23.1,-31.1,-75.5
Luyten (L) 645-73,21.0,7.9,-40.0
EZ Aquarii,4.12,4.42,-9.29
FK Aquarii,11.1,8.92,-24.3
Giclas (G) 156-35<BR><B>Right Ascension and Declination:</B> 22h37m2s,44.6,56.4,-106.0
Gliese (Gl) 871,39.0,-9.92,-65.4
A would appear as magnitude -15.20,13.2,83.6,-74.0
Xi Pegasi,5.51,39.9,-34.5
Gamma Piscis Austrini,93.6,22.6,-200.0
Sigma Pegasi,10.0,63.2,-59.8
Luyten Palomar (LP) 581-35<BR><B>Right Ascension and Declination:</B> 22h53m23s,10.0,49.0,-53.0
Henry Draper (HD) 17948,-63.6,58.2,3.84
Cordoba Durchmusterung (CD) -24°17445,22.7,15.8,-60.3
2 Andromedae,-37.0,166.0,-48.0
Giclas (G) 275-2,22.3,16.7,-63.0
89 Aquarii,46.0,39.0,-143.0
KZ Andromedae,-23.0,78.0,-16.0
Luyten Palomar (LP) 822-105<BR><B>Right Ascension and Declination:</B> 23h11m32s,17.0,18.0,-58.0
Psi(1) Aquarii,27.9,66.1,-130.0
Luyten Palomar (LP) 1034-93<BR><B>Right Ascension and Declination:</B> 23h14m1s,27.0,-3.9,-62.0
Henry Draper (HD) 219495,42.9,-41.1,-66.1
Viln 82 no 44,14.2,25.4,-61.0
Woolley (Wo) 9106,-106.0,31.0,-88.0
Giclas (G) 190-27,-13.3,44.0,-15.7
EQ Pegasi,-2.59,15.6,-12.9
A would appear as magnitude -19.12,7.3,13.0,-39.0
Luyten Palomar (LP) 463-28<BR><B>Right Ascension and Declination:</B> 23h36m24s,-12.0,61.0,-50.0
B would appear as magnitude -15.65,-13.4,62.3,-52.5
Omega(2) Aquarii,18.5,49.5,-145.0
Catalogue Astrographique (AC) +32°86401,-14.9,49.5,-27.7
A would appear as magnitude -15.83,7.61,29.5,-82.8
A would appear as magnitude -16.64,17.4,6.6,-80.4
A would appear as magnitude -16.86,-16.81,29.83,8.12
Theta Sculptoris,13.3,-3.19,-69.8
Gliese & Jahreiss (GJ) 2028,18.0,-52.0,-52.0
Giclas (G) 273-185,3.8,19.0,-55.0
At apastron,-30.5,78.0,-44.1
85 Pegasi,-11.6,31.3,-22.8
A would appear as magnitude -14.07,21.8,-26.4,-38.8
Regulus,-34.2,-37.0,58.8
Algol,-77.4,45.7,-23.1
Achernar,25.6,-69.6,-123.0
Canopus,-15.1,-98.4,-46.7
Antares,579.0,-78.0,151.0
Spica,122.0,-114.0,202.0
Gliese (Gl) 120.2,-56.3,24.4,-31.5
Polaris,-212.0,322.0,194.0
Bellatrix,-224.0,-69.5,-64.4
Betelgeuse,-397.0,-145.0,-62.0
Rigel,-580.0,-328.0,-306.0
Deneb,150.0,1592.0,52.0
Epsilon Aurigae,-1950.0,591.0,62.0
Cygnus X-1,2263.0,6826.0,353.0
Giclas (G) 192-13,-21.2,10.3,7.29
Giclas (G) 99-49,-15.7,-7.16,-3.08
Gliese & Jahreiss (GJ) 1093,-23.9,-7.02,4.56
Epsilon Fornacis,-35.9,-32.5,-86.4
Giclas (G) 203-47,6.92,17.8,13.9
Gliese & Jahreiss (GJ) 1224,23.9,5.85,0.92
Giclas (G) 258-33,-2.21,20.9,11.1
Luyten Half-Second (LHS) 3799,10.7,9.19,-19.8
Luyten Half-Second (LHS) 288,4.59,-13.9,-0.51
This star was misidentified as BD +48°1318 in the 1991 edition of the Gliese catalog.,-45.0,-0.05,3.8
Alpha(1) Canum Venaticorum,-9.12,18.9,108.0
Henry Draper (HD) 180263,57.2,59.8,-0.7
5 Serpentis,56.1,3.97,57.9
Alpha Persei,-494.0,321.0,-56.0
Tau(3) Eridani,-36.2,-23.9,-74.4
Adhara,-211.0,-367.0,-82.0
Alphard,-72.1,-136.0,86.9
Beta(2) Cygni,174.0,332.0,27.7
Delta Serpentis,135.0,43.3,155.0
Dubhe,-61.3,46.7,96.7
Epsilon Pegasi,230.0,524.0,-354.0
Gamma Draconis,24.5,127.0,71.7
Bonner Durchmusterung (BD) +62°1325,-6.351,18.3,26.69
Gliese (Gl) 86.1,-126.0,-107.0,-507.0
SO25300.5+165258,-9.41731,3.27715,-7.37253
Gliese (Gl) 121.2,-71.7,-6.25,-89.9
Research Consortium on Nearby Stars (RECONS) 3,-14.2,-7.15,-8.08
This red dwarf spins at 27 kilometers per second,2.017,-12.42,3.856
Luyten Palomar (LP) 771-096<P><BR><B><U>Component C:</U></B>,-11.3,-4.23,-18.9
Henry Draper (HD) 26990,-81.2,-8.92,-45.6
AB Doradus,3.741,-40.72,-26.59
V491 Persei,-62.4,22.1,-11.3
Southern Infrared Proper motion Survey (SIPS) 1259-4336,6.4,-9.1,3.8
Wei,64.0,-12.2,6.83
ARICNS lists a distance to this star of 16.2 light-years,-7.82,-11.8,-18.8
Gliese (Gl) 123,-33.6,1.77,-34.5
Henry Draper (HD) 19467,-56.3,-17.3,-84.2
Luyten (L) 947-30,-50.0,-3.0,-60.0
Gliese & Jahreiss (GJ) 1053,-25.8,28.3,9.2
Iota Persei,-27.94,19.56,-4.144
Gliese & Jahreiss (GJ) 1004,-15.7,31.5,-7.45
Gliese (Gl) 125,-35.0,23.0,-7.9
Gliese & Jahreiss (GJ) 1056,5.52,-45.1,-53.4
Woolley (Wo) 9111,-63.0,45.0,-5.6
Luyten (L) 227-140,-0.4,-22.0,-28.0
Woolley (Wo) 9112,-55.6,7.49,-46.0
Gliese (Gl) 131,-24.6,-20.5,-50.6
Gliese (Gl) 132,-11.4,-43.1,-65.8
Gliese (Gl) 134,-48.3,25.0,-15.2
Gliese (Gl) 135,-55.1,-5.02,-58.5
Zeta(1) Reticuli,4.097,-26.52,-29.02
Giclas (G) 158-45,0.2,18.0,-62.0
Kappa Ceti,-22.03,0.518,-20.17
Zeta(2) Reticuli,4.025,-26.44,-28.93
82 Eridani,-3.748,-10.45,-16.35
Henry Draper Extension (HDE) 232781,-60.8,42.1,-4.59
Gliese (Gl) 141,-33.2,-5.54,-36.0
Luyten Half-Second (LHS) 1547,-36.8,-3.25,-37.4
Gliese (Gl) 141.2,-38.7,-42.9,-84.5
Gliese (Gl) 142,-21.5,-12.4,-32.9
Gliese (Gl) 143,5.79,-36.7,-38.3
Hy 207,-44.0,11.0,-25.0
Gliese (Gl) 12,-8.51,23.6,-28.3
Henry Draper (HD) 21809,-43.9,20.8,-12.7
Epsilon Eridani,-6.82,-1.966,-7.733
Gliese (Gl) 145,-7.3,-23.0,-32.0
Gliese (Gl) 146,-5.74,-26.3,-34.2
Gliese & Jahreiss (GJ) 1061,-2.3,-6.87,-9.49
10 Tauri,-33.6,-3.23,-29.4
Wolf 1246,-49.0,13.0,-23.0
Gliese (Gl) 147.1,-57.6,-10.2,-53.7
Henry Draper (HD) 22918,-108.0,-17.4,-97.8
Gliese (Gl) 148,-57.0,-3.1,-45.0
<B>Source for orbit data:</B> Naef,26.05,-37.46,-34.93
Henry Draper (HD) 23295,-11.5,-78.6,-93.9
Delta Eridani,-19.66,-6.506,-21.0
Gliese (Gl) 150.2,-76.2,40.5,-9.76
Woolley (Wo) 9126,-56.0,15.0,-25.0
Gliese (Gl) 151,-50.4,8.52,-27.2
Gliese & Jahreiss (GJ) 1063,-57.0,3.8,-36.0
Gliese (Gl) 152,-15.8,-28.5,-41.7
Gliese (Gl) 154,-42.8,11.2,-17.4
Beta Reticuli,11.3,-71.4,-68.7
Woolley (Wo) 9131,-60.0,14.0,-27.0
Gliese (Gl) 13,22.9,-23.6,-67.5
Tau(6) Eridani,-30.0,-22.9,-44.7
Woolley (Wo) 9132,-65.0,15.0,-29.0
Woolley (Wo) 9134,15.3,-99.4,-94.4
vB 170 Hyades,-119.0,26.0,-50.0
Gliese & Jahreiss (GJ) 1065,-22.1,-5.92,-21.0
Luyten Half-Second (LHS) 1610,-28.0,3.3,-15.0
Henry Draper (HD) 24365,-332.0,87.0,-118.0
Gliese (Gl) 155.2,-55.6,41.0,7.54
Henry Draper (HD) 24496,-59.7,6.09,-30.7
Henry Draper (HD) 24409,-56.7,40.1,6.27
Gliese (Gl) 14,-20.4,40.8,-17.7
Gliese (Gl) 156,-33.5,-10.1,-31.0
Henry Draper (HD) 24892,-63.7,-55.4,-94.3
Gliese (Gl) 156.2,-34.3,35.8,15.9
Gliese & Jahreiss (GJ) 1066,-15.5,-34.1,-43.7
Gliese (Gl) 157.1,-68.0,15.0,-26.0
Luyten Half-Second (LHS) 1617,-48.7,-1.79,-30.6
Gliese (Gl) 158,-55.9,18.4,-12.9
Gliese (Gl) 159,-49.9,-9.26,-36.8
Woolley (Wo) 9142,-120.0,-23.0,-87.2
39 Tauri,-50.2,7.19,-20.0
Woolley (Wo) 9008,-1.64,23.0,-82.1
Rob 256,-43.0,-4.1,-28.0
Woolley (Wo) 9143,-68.0,-68.6,-103.0
Gliese (Gl) 161,-44.2,38.4,14.0
50 Persei,-64.7,22.7,-11.6
Gliese (Gl) 162.1,6.58,-56.1,-50.3
Henry Draper (HD) 26337,-134.0,-49.8,-115.0
Henry Draper (HD) 26018,-57.0,58.5,27.2
Gliese (Gl) 164,-37.8,21.1,0.77
Gliese (Gl) 165.1,-76.2,48.9,9.54
Gliese (Gl) 165.2,-90.8,-15.8,-57.5
Barnard's Star,4.936,3.001,1.388
Gliese (Gl) 16.1,-5.27,26.4,-71.5
<B>Source for orbit data:</B> Mayor,-55.0,-17.0,-42.0
Rob 270,-30.0,-2.4,-16.0
Gliese (Gl) 167,-4.202,-30.28,-29.76
Gamma Doradus,-8.51,-46.4,-46.5
Epsilon Reticuli,-0.00427,-43.85,-40.18
Henry Draper (HD) 27456,-177.0,91.3,7.18
Luyten Palomar (LP) 415-636,-29.0,1.8,-11.0
Gliese & Jahreiss (GJ) 2034,-4.7,-18.0,-19.0
Henry Draper (HD) 27733,-274.0,-26.0,-137.0
Eggen/Greenstein white dwarf (EG) 169,-36.0,-1.9,-17.0
Zeta Tucanae,10.56,-13.52,-22.16
Luyten Half-Second (LHS) 1670,-65.2,-11.5,-37.1
Woolley (Wo) 9156,10.4,-108.0,-90.5
Gliese (Gl) 169,-35.6,2.6,-11.2
Gliese (Gl) 170,-32.2,10.5,-3.48
Gliese (Gl) 170.1,-135.0,-1.79,-51.5
Henry Draper (HD) 28495,-71.4,51.2,18.4
Woolley (Wo) 9158,-76.7,-14.6,-39.2
Henry Draper (HD) 29086,-30.8,-52.0,-55.0
Gliese (Gl) 171,-83.3,45.2,9.79
Gliese & Jahreiss (GJ) 1071,-20.0,-50.2,-49.4
Luyten Half-Second (LHS) 112,-15.3,32.1,-20.0
Henry Draper (HD) 29231,-36.2,-57.2,-60.7
Gliese (Gl) 172,-29.7,14.8,2.55
Gliese (Gl) 173,-25.4,-13.4,-19.4
Luyten Half-Second (LHS) 194,-23.4,-11.0,-17.2
Gliese (Gl) 174,-42.3,1.07,-12.1
Gliese (Gl) 176,-29.1,-0.2,-8.79
Beta Caeli,-34.4,-59.3,-58.6
Gliese (Gl) 176.2,-71.0,8.15,-14.2
Henry Draper (HD) 30090,-221.0,69.7,-5.65
Gliese (Gl) 176.3,-11.6,-49.6,-43.0
Gliese & Jahreiss (GJ) 1009,6.3,-0.3,-47.0
58 Eridani,-29.2,-20.8,-24.5
Henry Draper (HD) 30523,-63.3,-35.1,-44.8
Pi(3) Orionis,-23.68,-4.939,-10.0
B. Edvardsson et al. calculated a highly questionable age of over 15 thousand-million years for this star.&nbsp; Barry's figure is more likely to be accurate.,-91.9,32.7,2.65
Henry Draper (HD) 30876,-24.6,-38.6,-36.7
Gliese (Gl) 179,-38.0,-8.3,-17.0
Gliese & Jahreiss (GJ) 2035,-85.7,1.21,-19.7
Bonner Durchmusterung (BD) -20°958,-52.0,-44.0,-46.0
Henry Draper (HD) 31392,-35.4,-56.7,-52.0
Gliese & Jahreiss (GJ) 2037,-30.6,-36.1,-34.6
Giclas (G) 171-52,-33.4,64.9,-26.5
Gliese (Gl) 181,-52.0,21.0,4.9
Gliese (Gl) 182,-47.0,-15.0,-22.0
Gliese (Gl) 183,-23.23,-11.0,-12.87
Steph 538,-21.0,-4.0,-7.4
Gliese (Gl) 184,-43.7,19.6,6.34
Henry Draper (HD) 32387,-255.0,6.85,-41.9
Gliese (Gl) 186,-39.0,-38.0,-35.0
Eta(1) Pictoris,-16.9,-65.7,-51.9
Gliese (Gl) 187.1,-62.9,-149.0,-121.0
Luyten Palomar (LP) 777-1,-47.9,-37.1,-36.3
Gliese (Gl) 17.2,6.2,4.3,-73.0
Henry Draper (HD) 32850,-74.9,-10.1,-20.1
Zeta Doradus,-2.162,-30.43,-22.66
13 Orionis,-86.1,-18.5,-27.6
Gliese & Jahreiss (GJ) 1075,-2.2,-32.0,-24.0
Beta Eridani,-72.8,-34.9,-37.2
68 Eridani,-67.3,-31.5,-33.5
The Gliese catalog lists this star as being about 55 light-years away,-790.0,-90.0,-182.0
Woolley (Wo) 9177,-50.8,-139.0,-107.0
Kapteyn's Star,-3.465,-9.776,-7.463
Henry Draper Extension (HDE) 241814,-84.0,-5.5,-16.0
9 Ceti,-3.2,18.5,-63.8
Luyten Two-Tenth (LTT) 17767,-75.5,-18.8,-24.4
Gliese (Gl) 193,-72.2,-54.8,-48.1
Gliese (Gl) 196,-43.7,45.4,26.8
Lambda Aurigae,-40.3,8.55,1.52
Gliese (Gl) 198,-55.1,-46.3,-37.9
Henry Draper (HD) 34865,-56.0,-43.5,-35.6
Gliese & Jahreiss (GJ) 1077,13.0,-34.0,-22.0
Gliese & Jahreiss (GJ) 2041,-888.0,-368.0,-330.0
Gliese (Gl) 201,-45.7,-6.01,-8.01
111 Tauri,-46.7,-6.2,-8.04
Gliese & Jahreiss (GJ) 2004,9.76,-2.55,-71.8
Gliese & Jahreiss (GJ) 1079,-27.9,-41.8,-29.9
Gliese (Gl) 203,-30.8,-7.89,-7.72
Gliese & Jahreiss (GJ) 1080,-55.9,-20.8,-18.2
Gliese (Gl) 204,-35.7,-17.9,-14.1
Gliese (Gl) 204.1,-0.69,-53.2,-35.3
Woolley (Wo) 9181,29.3,-94.2,-60.8
Gliese (Gl) 205,-15.62,-8.031,-6.007
Gliese (Gl) 206,-43.4,-11.5,-10.1
V371 Orionis,-44.0,-18.0,-14.0
Gliese & Jahreiss (GJ) 1082,-60.0,12.0,5.4
Gliese (Gl) 18,4.55,3.25,-58.5
Gliese (Gl) 208,-35.4,-9.04,-6.69
<B>Source for orbit data:</B> Vogt,-107.0,-11.9,-10.1
Henry Draper (HD) 37008,-61.8,22.2,12.8
Henry Draper (HD) 37199,-363.0,94.0,53.0
Woolley (Wo) 9185,3.18,-89.2,-56.8
Nu(2) Columbae,-74.2,-98.2,-63.6
49 Orionis,-124.0,-75.8,-49.6
Gliese (Gl) 210,-61.8,-159.0,-102.0
Gliese (Gl) 211,-36.3,14.2,8.63
Gliese (Gl) 212,-37.0,14.4,8.82
Gliese & Jahreiss (GJ) 2005,2.17,1.32,-24.4
Woolley (Wo) 9188,-67.0,-13.0,-9.4
Gliese (Gl) 213,-18.1,-4.41,-3.03
Gliese (Gl) 215,-38.1,21.1,13.4
Pi Mensae,19.71,-47.53,-29.65
Henry Draper (HD) 38114,-67.8,3.59,1.97
Gliese (Gl) 217,-66.4,7.86,5.85
Zeta Leporis,-50.7,-42.0,-24.4
Gliese (Gl) 217.2,13.1,-70.2,-43.1
Gliese & Jahreiss (GJ) 1084,-12.0,-48.0,-29.0
Gliese & Jahreiss (GJ) 1085,-42.6,-24.2,-13.4
CN Leonis,-1.896,-3.902,6.478
Beta Hydri,10.61,-15.34,-15.69
Beta Pictoris,-10.93,-53.11,-31.84
Gliese & Jahreiss (GJ) 1086,-31.6,-15.3,-8.26
Gliese (Gl) 221,-53.0,-33.0,-17.0
Bonner Durchmusterung (BD) +48°1318,-50.0,15.0,11.0
Gliese (Gl) 223,-77.4,-35.6,-16.7
Gliese (Gl) 223.2,-17.6,-10.3,-5.24
Gliese (Gl) 224,-88.1,-22.8,-7.91
Gliese (Gl) 224.1,3.16,-76.7,-45.0
Gliese & Jahreiss (GJ) 1087,-23.9,-9.52,-4.38
Eta Leporis,-35.8,-30.0,-15.1
Kappa Phoenicis,16.4,-15.1,-73.4
Beta Aurigae,-78.8,17.1,15.6
Gliese (Gl) 225.1,-68.1,-136.0,-71.9
Henry Draper (HD) 41190,-63.0,-12.0,-1.7
Gliese (Gl) 226.2,-63.0,42.0,29.0
Gliese (Gl) 226.3,-85.2,4.59,11.4
Luyten Two-Tenth (LTT) 2450,-23.8,-74.2,-38.9
Gliese (Gl) 227,-48.8,-12.5,-1.7
Woolley (Wo) 9202,-2.19,-78.3,-42.9
<B>Source for orbit data:</B> Allard & Marley,-11.79,-13.48,-5.817
Bonner Durchmusterung (BD) +63°0639,-67.0,37.0,28.0
Woolley (Wo) 9016,-75.6,128.0,-38.8
Henry Draper (HD) 42618,-69.3,-29.0,-6.59
Woolley (Wo) 9204,-41.4,-107.0,-52.1
Woolley (Wo) 9205,-62.2,45.6,32.9
Gliese (Gl) 230,-55.6,-19.6,-3.01
Henry Draper (HD) 43162,-32.5,-40.3,-16.9
Alpha Mensae,7.878,-27.88,-16.0
71 Orionis,-67.3,-14.5,1.82
74 Orionis,-60.7,-20.2,-1.6
Giclas (G) 105-30,-66.7,-28.9,-4.68
Henry Draper (HD) 45184,-37.5,-57.3,-21.8
Gliese (Gl) 22.2,21.9,-27.9,-75.7
Gliese (Gl) 239,-30.7,-8.83,3.06
Nu(2) Canis Majoris,-41.7,-47.8,-12.7
Gliese (Gl) 240.1,-36.56,36.94,26.24
Gliese (Gl) 241,-55.4,-10.5,9.11
Cordoba Durchmusterung (CD) -55°1514,-3.41,-38.9,-17.1
Xi Geminorum,-53.2,-20.5,5.07
Gliese (Gl) 243,-45.7,-71.1,-19.6
Psi(5) Aurigae,-50.8,6.54,16.7
Gliese (Gl) 245.1,-36.5,-67.3,-20.1
Gliese (Gl) 246,-50.2,1.51,13.9
Henry Draper (HD) 3302,26.5,-32.4,-110.0
Giclas (G) 108-26,-51.6,-30.1,0.26
Gliese (Gl) 247,-44.7,20.1,21.5
Alpha Pictoris,3.15,-90.3,-40.3
Gliese (Gl) 249,-56.6,10.8,21.2
Gliese (Gl) 249.1,-18.4,-75.4,-27.3
Woolley (Wo) 9219,-42.2,-70.7,-17.2
Gliese (Gl) 251,-17.3,-0.89,4.7
Gliese (Gl) 251.1,-145.0,-61.0,19.0
37 Geminorum,-54.0,-10.3,12.4
Gliese (Gl) 253,-8.53,-103.0,-40.6
Henry Draper (HD) 3335,-75.5,143.0,-220.0
Gliese (Gl) 254,-58.3,-6.0,15.9
Woolley (Wo) 9222,43.2,-151.0,-77.0
Henry Draper (HD) 51534,-62.8,-24.1,9.34
Gliese (Gl) 256,-50.8,-51.9,-4.94
Luyten Half-Second (LHS) 1889,-58.3,-4.79,16.6
Gliese (Gl) 257.1,-60.5,12.1,25.1
Gliese (Gl) 258,-37.6,24.2,22.0
Gliese (Gl) 259,-25.2,-39.7,-7.57
Gliese (Gl) 260,1.696,-55.42,-23.02
Gliese (Gl) 261,-32.0,-26.0,-0.4
Gliese & Jahreiss (GJ) 2010,-0.6,6.4,-52.0
Henry Draper (HD) 53501,39.9,-261.0,-119.0
Gliese & Jahreiss (GJ) 1094,-46.3,-39.7,-0.11
Gliese (Gl) 262,-59.3,-8.12,17.1
Bonner Durchmusterung (BD) -6°15,-4.99,32.7,-76.4
Bonner Durchmusterung (BD) -9°40,-6.87,38.9,-108.0
Gliese & Jahreiss (GJ) 1008,-3.64,21.5,-64.1
Gliese (Gl) 17.1,14.2,-12.9,-55.3
Cordoba Durchmusterung (CD) -51°89,19.1,-20.5,-62.9
Cape Photographic Durchmusterung (CPD) -63°51,29.0,-39.6,-68.1
Gliese (Gl) 27.1,13.6,-17.0,-71.5
Gliese (Gl) 26,-17.2,30.1,-21.8
Bonner Durchmusterung (BD) +23°97,-56.2,91.9,-86.3
Cordoba Durchmusterung (CD) -50°210,14.8,-22.8,-64.9
Gliese (Gl) 16,-11.6,30.7,-41.5
Gliese (Gl) 38,-33.0,50.1,-4.51
Gliese (Gl) 46,-1.12,-1.15,-42.7
Gliese & Jahreiss (GJ) 2018,-5.81,0.16,-107.0
Gliese (Gl) 54,8.52,-14.9,-20.3
Gliese (Gl) 56.2,13.0,-38.0,-101.0
Gliese (Gl) 57,2.59,-14.7,-52.9
Cordoba Durchmusterung (CD) -47°399,7.62,-25.4,-71.6
54 Piscis,-13.62,23.57,-23.91
Cordoba Durchmusterung (CD) -22°526,-11.3,-1.23,-56.7
Gliese (Gl) 65.2,7.29,-47.5,-122.0
Cordoba Durchmusterung (CD) -42°594,-0.06,-26.0,-77.0
Bonner Durchmusterung (BD) -17°400,-35.7,-3.97,-90.7
Bonner Durchmusterung (BD) +60°637,-91.0,78.0,7.3
Gliese (Gl) 143.1,-43.7,-14.5,-53.6
Gliese (Gl) 143.3,-52.6,8.22,-34.8
Henry Draper (HD) 22918,-108.0,-17.4,-97.8
Gliese (Gl) 155.3,-27.2,-45.3,-63.5
Giclas (G) 222-1,-65.6,81.0,43.9
Gliese (Gl) 27.2,-0.55,6.59,-92.9
Gliese (Gl) 160.2,-44.1,-32.0,-54.0
Gliese (Gl) 161.2,-47.7,-99.9,-121.0
Gliese & Jahreiss (GJ) 1076,-99.7,44.1,21.0
Gliese (Gl) 218,-20.5,-38.2,-22.6
Gliese (Gl) 223.1,-97.9,-69.3,-35.1
Gliese & Jahreiss (GJ) 2049,-49.0,-60.0,-22.0
Gliese (Gl) 237,-22.6,-69.9,-28.8
Gliese (Gl) 240,-8.66,-44.8,-18.9
Gliese (Gl) 264,-14.5,-51.2,-15.3
Giclas (G) 250-34,-44.0,27.0,26.0
Wobbles in Lalande 21185's position were once thought to indicate an unseen object orbiting it,-3.359,-0.32,7.596
Gliese (Gl) 28,-27.1,44.5,-21.5
Gliese (Gl) 266,-66.0,-41.0,6.9
Woolley (Wo) 9224,-29.8,-144.0,-45.2
Henry Draper (HD) 53927,-68.8,-9.32,21.3
Bonner Durchmusterung (BD) +7°1684,-165.0,-95.6,33.9
QY Aurigae,-19.4,0.24,7.27
Bonner Durchmusterung (BD) -14°1750,-55.0,-61.8,-2.73
Henry Draper (HD) 55526,-52.6,-294.0,-91.2
I Puppis,-13.9,-65.0,-18.8
Gliese & Jahreiss (GJ) 1095,-49.5,8.18,22.5
Gliese (Gl) 268.2,4.55,-60.4,-24.1
Gliese (Gl) 29,25.3,-36.1,-70.4
Gliese (Gl) 268.3,-37.6,-7.34,12.2
Giclas white Dwarf (GD) 294,-33.0,13.0,18.0
Henry Draper (HD) 56274,-72.9,-80.0,-0.31
Woolley (Wo) 9228,-178.0,-212.0,-6.16
Gliese (Gl) 268.4,-54.9,-177.0,-42.5
Gliese (Gl) 270,-60.1,-6.0,22.5
Gliese (Gl) 272,-50.2,7.12,23.0
Gliese & Jahreiss (GJ) 2057,-71.9,-33.9,19.1
Luyten's Star,-10.23,-6.58,2.346
Gliese (Gl) 273.1,-62.0,-8.0,25.0
Gliese & Jahreiss (GJ) 2012,-0.4,3.0,-32.0
22 Lyncis,-56.7,11.4,29.4
Gliese (Gl) 275,-8.21,-70.3,-19.6
Gliese (Gl) 275.1,-44.0,28.0,29.0
Henry Draper (HD) 59380,-64.5,-63.2,8.52
Gliese (Gl) 276,-60.6,-27.6,18.9
Gliese & Jahreiss (GJ) 1098,-46.0,24.2,28.5
Henry Draper (HD) 59967,-23.2,-66.3,-10.8
Gliese (Gl) 277.1,-36.4,18.1,22.3
Vyssotsky McCormick (McC) 499,-39.0,12.0,22.0
Gliese (Gl) 279,-44.6,-71.0,-1.19
FF Andromedae,-36.2,58.9,-35.3
Woolley (Wo) 9237,-85.9,-75.5,18.0
Gliese (Gl) 281,-37.9,-28.5,10.2
Bonner Durchmusterung (BD) +49°1658,-75.3,14.0,42.0
Gliese (Gl) 284,-15.0,-76.0,-14.2
YZ Canis Minoris,-15.1,-11.1,4.67
Gliese (Gl) 285.1,-65.8,45.4,47.3
Pollux,-30.05,-6.723,13.72
Gliese (Gl) 287,-61.9,-47.7,18.6
Gliese (Gl) 290,-33.35,34.84,27.63
Woolley (Wo) 9242,4.03,-104.0,-30.3
Gliese (Gl) 30,-31.2,50.5,-32.6
Gliese (Gl) 291.1,-11.6,-111.0,-23.2
Bonner Durchmusterung (BD) +26°1665,-62.4,-16.7,29.1
Gliese & Jahreiss (GJ) 1104,-81.3,-15.1,41.3
Gliese (Gl) 292.1,-55.5,-22.9,25.4
Gliese (Gl) 292.2,-45.3,-40.7,15.0
Gliese (Gl) 293,3.76,-20.9,-7.5
Gliese & Jahreiss (GJ) 1105,-23.0,0.39,13.4
Gliese & Jahreiss (GJ) 1106,-19.9,-56.3,-2.34
Gliese (Gl) 293.2,-26.5,-53.1,2.29
Henry Draper (HD) 65430,-64.0,-24.9,31.3
Beta Ceti,-6.74,14.3,-94.5
Woolley (Wo) 9247,-30.3,-90.5,-4.39
Henry Draper (HD) 65723,-11.0,-37.0,-2.5
Gliese (Gl) 295,-47.4,-10.6,25.3
Gliese (Gl) 295.1,-92.5,-50.0,42.3
Gliese (Gl) 296,-15.0,-59.0,-5.7
Bonner Durchmusterung (BD) +44°1710,-70.1,4.63,43.5
Henry Draper (HD) 67199,8.481,-52.96,-17.28
Gliese & Jahreiss (GJ) 1107,-76.7,-10.2,44.6
Gliese (Gl) 296.1,-31.6,-77.2,2.69
Gliese (Gl) 296.2,-66.4,45.3,51.4
Henry Draper (HD) 4075,-63.9,99.3,28.0
Luyten (L) 97-3,12.0,-71.0,-23.0
B Carinae,6.07,-67.1,-18.0
Woolley (Wo) 9256,-60.0,-10.3,36.2
Gliese (Gl) 299,-16.9,-11.5,8.21
Woolley (Wo) 9258,-186.0,-218.0,76.3
Gliese (Gl) 300,-9.1,-16.7,2.3
Woolley (Wo) 9259,-33.0,-152.0,-8.94
Henry Draper (HD) 68835,-31.0,-21.0,16.0
Henry Draper (HD) 68834,-46.7,-27.7,25.1
Gliese (Gl) 301.1,-61.2,-13.3,38.6
Woolley (Wo) 9024,0.68,2.41,-107.0
Gliese (Gl) 302,-22.9,-32.73,9.388
Bonner Durchmusterung (BD) -14°2469,-58.9,-91.6,23.0
Gliese & Jahreiss (GJ) 1109,-23.9,-89.9,-0.33
Chi Cancri,-48.6,-14.1,30.5
Bonner Durchmusterung (BD) +14°1876,-59.0,-34.5,34.3
<B>Source for orbit data:</B> Liverpool John Moores University,-19.6,-91.7,-2.42
Henry Draper (HD) 70401,-49.7,-10.1,32.7
Alpha Chamaeleontis,20.12,-55.36,-23.59
Gliese (Gl) 305.1,-70.5,-29.1,44.2
Luyten Half-Second (LHS) 246,-28.2,19.0,22.6
Gliese (Gl) 31.3,-3.35,8.0,-90.4
Bonner Durchmusterung (BD) +33°1694,-111.0,-20.3,74.6
1 Hydrae,-56.1,-62.3,29.2
Gliese (Gl) 306.1,-42.1,-119.0,10.9
Gliese (Gl) 307.1,-57.2,5.25,41.8
Beta Volantis,18.8,-102.0,-29.6
Gliese (Gl) 308.1,-46.0,21.7,36.0
DX Cancri,-9.54,-2.92,6.34
Gliese & Jahreiss (GJ) 1112,-58.5,-10.5,40.3
Gliese (Gl) 309,-11.77,-37.74,3.611
Woolley (Wo) 9269,-40.2,-91.1,17.9
Gliese (Gl) 31.4,-18.1,30.0,-62.7
Gliese (Gl) 310,-31.3,19.6,26.3
Henry Draper (HD) 72760,-45.8,-46.1,28.4
Pi(1) Ursae Majoris,-32.7,18.4,27.5
Woolley (Wo) 9273,-43.9,-57.4,26.9
Gliese (Gl) 312,-15.4,-88.3,1.1
Gliese (Gl) 315,-42.9,-30.2,30.0
Gliese & Jahreiss (GJ) 1113,-79.4,2.59,62.4
Gliese (Gl) 316,-56.7,-74.1,35.9
Gliese (Gl) 318,-7.69,-27.9,2.82
Gliese (Gl) 320,-6.407,-35.73,1.514
Sirius,-5.745,-6.275,-1.262
Gliese (Gl) 31.5,24.5,-36.7,-56.0
Gliese (Gl) 321,-66.0,-0.055,53.2
Gliese (Gl) 321.1,-28.3,-227.0,0.75
Gliese (Gl) 321.2,-11.1,-89.8,0.39
Gliese (Gl) 322,-36.7,22.1,32.5
Henry Draper (HD) 75404,-59.0,-8.9,47.0
Gliese & Jahreiss (GJ) 1115,-64.0,-9.66,54.1
Gliese (Gl) 327,-30.0,-40.9,23.2
Gliese (Gl) 328,-39.0,-42.2,31.1
Gliese (Gl) 329,-33.7,-92.8,23.6
Henry Draper (HD) 76653,4.8,-78.1,-8.68
18 Ceti,-12.9,22.7,-101.0
Gliese (Gl) 330,-35.5,-26.9,29.6
Gliese (Gl) 330.1,-47.5,-24.4,40.8
Gliese & Jahreiss (GJ) 1117,-49.8,-10.0,42.6
Henry Draper (HD) 76932,-29.0,-58.9,22.9
TY Pyxidis,-50.8,-171.0,38.1
Gliese (Gl) 333.1,10.4,-83.8,-12.7
Giclas (G) 252-27,-50.0,42.0,46.0
Alpha Volantis,27.1,-118.0,-28.1
Gliese (Gl) 334,-22.2,-36.6,20.2
15 Ursae Majoris,-68.5,16.1,64.7
Gliese & Jahreiss (GJ) 1021,9.53,-13.8,-45.8
Gliese (Gl) 334.1,-69.5,58.9,66.2
Gliese (Gl) 334.2,-45.0,-8.68,42.4
75 Cancri,-71.7,-26.8,67.4
Henry Draper (HD) 78612,-60.1,-108.0,56.0
Gliese (Gl) 336,-49.5,-10.9,46.9
Henry Draper (HD) 78727,-44.0,-44.0,40.0
Gliese (Gl) 336.1,-58.8,6.75,56.4
Henry Draper (HD) 78899,-85.6,15.3,82.5
16 Ursae Minoris,-43.2,21.3,41.8
Gliese (Gl) 339.1,-23.8,6.88,22.9
Gliese (Gl) 33,-7.106,11.05,-20.48
18 Ursae Majoris,-82.6,24.9,81.1
K Velorum,-20.1,-163.0,23.5
Henry Draper (HD) 79873,-118.0,-148.0,121.0
Bonner Durchmusterung (BD) +27°1739,-43.0,-16.0,43.0
Henry Draper (HD) 80545,10.3,-75.5,-7.85
Gliese (Gl) 340.2,-49.7,-62.7,52.6
Gliese (Gl) 340.3,-35.9,-58.2,39.1
Gliese & Jahreiss (GJ) 1124,-55.1,-2.26,56.8
Gliese (Gl) 341,5.81,-33.4,-4.37
Gliese (Gl) 341.1,-41.7,46.9,41.0
64 Piscis,-29.7,45.7,-55.8
Gliese (Gl) 342,-38.5,36.7,38.2
Gliese (Gl) 343.1,-71.7,-4.2,76.7
Henry Draper (HD) 81762,-39.0,-31.2,44.0
Gliese (Gl) 346,-27.0,-52.0,32.0
Woolley (Wo) 9299,-33.2,-56.2,40.5
Gliese (Gl) 349,-21.7,-24.3,25.5
23 Ursae Majoris,-48.7,27.4,50.7
Gliese (Gl) 353,-29.4,-4.17,32.6
LQ Hydrae,-22.0,-47.6,28.7
24 Ursae Majoris,-64.8,49.6,67.0
van Maanen's Star,-4.014,6.457,-11.91
Gliese (Gl) 355.2,-87.6,-297.0,126.0
Gliese (Gl) 357,-7.25,-26.1,11.1
Gliese & Jahreiss (GJ) 1127,-43.4,-23.2,52.0
Gliese (Gl) 358,-0.58,-30.6,4.69
Gliese (Gl) 361,-20.0,-17.6,25.7
Gliese & Jahreiss (GJ) 2074,-28.0,-32.0,37.0
Gliese (Gl) 364,-9.93,-44.0,18.0
Gliese (Gl) 365,-37.5,1.12,44.2
Giclas (G) 161-68,-29.0,-57.0,42.0
Gliese (Gl) 367,1.38,-29.8,2.98
Gliese (Gl) 36,-2.55,3.7,-61.3
15 Leonis Minoris,-38.3,4.73,46.1
Giclas (G) 195-42,-47.6,15.3,55.0
Gliese (Gl) 369,-11.4,-30.8,20.0
Gliese (Gl) 370,1.33,-35.97,5.192
Gliese (Gl) 371,-29.5,-42.0,45.2
Gliese (Gl) 372,-18.9,-35.9,31.1
Gliese (Gl) 373,-20.8,12.4,24.1
Gliese (Gl) 374,2.17,-108.0,20.9
19 Leonis Minoris,-57.4,-0.35,74.8
Eggen/Greenstein white dwarf (EG) 69,-44.5,-22.4,61.6
Phi(2) Ceti,-8.13,12.1,-48.3
Gliese (Gl) 375,4.47,-51.3,6.07
DH Leonis,-57.7,-30.0,83.5
20 Leonis Minoris,-27.9,-7.73,39.0
Gliese (Gl) 377,-4.09,-49.1,17.6
Gliese & Jahreiss (GJ) 2077,-34.9,-31.1,53.3
Gliese (Gl) 378,-29.5,5.81,38.2
Henry Draper (HD) 86972,-19.7,-70.4,43.9
Gliese (Gl) 378.1,-54.5,5.37,72.0
Gliese (Gl) 378.2,-27.6,-44.3,50.8
21 Leonis Minoris,-51.7,-9.0,74.5
Cordoba Durchmusterung (CD) -28°258,-0.7,-0.6,-163.0
Woolley (Wo) 9315,-30.7,-112.0,74.5
Gliese (Gl) 379.2,2.04,-143.0,40.3
Gliese (Gl) 380,-9.337,2.338,12.64
Gliese (Gl) 381,-9.02,-18.8,18.4
Gliese (Gl) 382,-7.72,-17.6,16.7
Gliese (Gl) 383,-9.12,-47.2,28.1
Gliese (Gl) 383.1,-43.5,14.9,58.6
Gliese (Gl) 385.1,-1.06,-70.0,24.4
Woolley (Wo) 9321,-41.8,-115.0,98.8
Woolley (Wo) 9322,-41.8,-70.7,84.5
Gliese (Gl) 39,-28.6,42.8,-49.4
Gliese & Jahreiss (GJ) 2079,-32.0,-22.1,54.1
Henry Draper (HD) 88737,-81.2,-55.8,138.0
Luyten (L) 190-21,7.77,-35.4,0.21
Gliese (Gl) 386,-9.51,-35.0,26.4
Henry Draper (HD) 89269,-37.7,3.98,55.6
Henry Draper (HD) 89391,-4.6,-64.0,30.0
AD Leonis,-7.45,-5.51,13.0
40 Leonis,-31.2,-24.3,56.6
<B>Source for orbit data:</B> Korzennik,-69.2,1.67,107.0
UV Ceti,-2.102,0.169,-8.29
Gliese (Gl) 41,-33.4,50.5,-1.56
Gliese & Jahreiss (GJ) 1133,-30.3,20.5,38.5
Henry Draper (HD) 89906,-38.6,-38.5,75.2
Woolley (Wo) 9327,-169.0,125.0,215.0
Henry Draper (HD) 90156,-1.17,-66.2,28.4
Gliese (Gl) 389.1,-17.8,-67.4,55.3
Gliese (Gl) 390,-8.1,-30.7,25.5
I Carinae,20.33,-47.07,-12.97
Gliese (Gl) 392.1,-36.0,46.1,38.6
Henry Draper (HD) 90711,-23.2,-74.5,70.0
McCook & Sion White Dwarf (WD) 1026+2,-17.1,-37.3,42.8
Gliese (Gl) 42,0.7,-2.37,-45.9
Gliese (Gl) 393,-6.67,-14.6,17.3
Gliese (Gl) 394,-25.0,12.0,35.0
36 Ursae Majoris,-23.12,11.16,33.12
Henry Draper (HD) 90875,-40.2,23.8,55.7
Gliese (Gl) 396,-34.7,46.7,36.4
Gliese (Gl) 397,-27.2,4.73,43.0
Gliese (Gl) 397.2,16.5,-69.2,4.46
Gliese (Gl) 398,-13.6,-24.6,34.7
Gliese (Gl) 398.1,-11.2,-61.3,50.5
Luyten Half-Second (LHS) 2293,-3.01,-39.8,25.3
Gliese (Gl) 42.1,-42.9,61.8,-59.8
Gliese & Jahreiss (GJ) 1135,5.61,-50.0,17.4
Henry Draper (HD) 92945,2.84,-63.1,30.9
Gliese & Jahreiss (GJ) 1137,7.98,-86.9,35.7
Henry Draper (HD) 93380,0.62,-56.9,33.2
Bonner Durchmusterung (BD) +22°2271,-40.4,-32.0,96.0
Luyten Half-Second (LHS) 292,-1.74,-10.9,9.74
Gliese (Gl) 402,-5.64,-11.5,18.5
Gliese (Gl) 402.1,-30.2,-94.4,122.0
Gliese (Gl) 403,-12.0,-16.0,33.0
Woolley (Wo) 9336,-0.61,-111.0,76.0
Giclas (G) 270-98,-12.0,16.0,-73.0
Gliese & Jahreiss (GJ) 1139,-37.3,42.0,46.1
Gliese (Gl) 403.1,-0.77,-83.9,58.4
Gliese (Gl) 404,39.0,-180.0,44.2
Gliese (Gl) 404.1,30.8,-91.7,0.8
Woolley (Wo) 9340,24.1,-230.0,110.0
Henry Draper (HD) 94765,-13.4,-28.4,47.8
Gliese (Gl) 406.1,-38.5,36.8,52.9
Gliese & Jahreiss (GJ) 1140,-4.57,-26.9,28.0
Woolley (Wo) 9342,-46.3,15.7,85.0
47 Ursae Majoris,-20.09,1.436,41.25
Henry Draper (HD) 5425,-0.014,-4.73,-99.4
Gliese (Gl) 408,-7.25,-5.55,19.6
Henry Draper (HD) 95486,-19.0,-26.0,60.0
48 Ursae Majoris,-38.7,23.3,65.3
Gliese (Gl) 410,-12.2,-10.2,34.5
Gliese (Gl) 412.1,135.0,-344.0,-13.8
Gliese (Gl) 412.2,11.1,-75.0,39.6
Gliese (Gl) 412.3,10.0,-75.8,42.9
Henry Draper (HD) 96937,-14.5,-54.5,82.2
Gliese (Gl) 413.1,3.05,-29.2,18.9
Woolley (Wo) 9350,46.7,-185.0,56.4
Henry Draper (HD) 5351,-43.4,65.0,8.85
Bonner Durchmusterung (BD) -9°3222,-4.44,-88.7,89.8
Gliese (Gl) 415,-1.69,-48.2,48.1
Gliese (Gl) 416,0.86,-55.5,49.1
Giclas (G) 119-62,-15.0,-2.7,37.0
Beta Crateris,21.2,-218.0,151.0
Henry Draper (HD) 97343,7.7,-59.6,37.0
Gliese (Gl) 417,-26.6,-2.16,65.6
Gliese (Gl) 418,-8.69,-30.1,49.5
Delta Leonis,-15.6,-15.9,53.2
Henry Draper (HD) 97658,-21.2,-13.4,64.8
Gliese (Gl) 44,-12.0,16.0,-42.0
Gliese & Jahreiss (GJ) 1144,1.53,-42.4,38.6
Gliese & Jahreiss (GJ) 1145,8.04,-48.7,29.1
Woolley (Wo) 9356,-7.6,-57.0,76.9
Gliese (Gl) 423.1,-3.48,-45.1,55.6
SZ Ursae Majoris,-14.12,13.31,22.43
Bonner Durchmusterung (BD) +47°1863,-32.8,13.0,72.7
Gliese & Jahreiss (GJ) 2085,-9.86,-30.5,61.4
Gliese (Gl) 427,-11.1,-10.9,41.1
Vyssotsky McCormick (McC) 39,-28.0,4.0,69.0
Henry Draper (HD) 99453,36.4,-81.6,-4.42
Gliese (Gl) 45,18.7,-30.8,-51.8
Bonner Durchmusterung (BD) +4°2470,-8.98,-49.9,86.4
Gliese (Gl) 429.2,1.9,-56.0,63.0
Henry Draper (HD) 99748,-115.0,55.4,263.0
McCook & Sion White Dwarf (WD) 1126+185,-6.0,-8.2,27.0
Gliese (Gl) 429.3,65.0,-172.0,29.2
Gliese (Gl) 429.4,27.7,-66.9,4.88
Gliese (Gl) 430,-34.4,31.9,60.2
Gliese (Gl) 430.1,-11.8,-11.4,50.2
Gliese (Gl) 431,9.8,-30.7,11.3
89 Leonis,-4.89,-43.3,74.9
Gliese & Jahreiss (GJ) 2017,-3.0,0.2,-56.0
Cordoba Durchmusterung (CD) -23°10062,9.76,-46.0,33.8
Gliese (Gl) 433,7.01,-25.2,13.6
Bonner Durchmusterung (BD) +40°2442,-25.7,4.38,75.2
Gliese (Gl) 433.1,-12.9,-4.72,48.0
Henry Draper (HD) 101206,-21.6,6.97,60.3
Henry Draper (HD) 101259,8.3,-35.0,25.0
61 Ursae Majoris,-8.589,-0.572,29.9
Gliese (Gl) 435,13.7,-36.7,11.6
Henry Draper (HD) 101563,31.4,-112.0,70.0
Gliese & Jahreiss (GJ) 1148,-11.9,4.26,33.7
Gliese (Gl) 46.1,-214.0,286.0,-348.0
Gliese (Gl) 435.1,-4.6,-46.3,89.8
Gliese (Gl) 436,-7.28,-4.52,32.3
Gliese (Gl) 438,10.3,-25.0,4.59
Henry Draper (HD) 101930,41.0,-90.4,6.07
Gliese (Gl) 439,-20.4,-5.43,81.7
Gliese (Gl) 440,6.678,-13.49,-0.805
Gliese & Jahreiss (GJ) 1149,-29.9,29.9,55.0
Gliese (Gl) 441,-41.0,49.3,62.9
Gliese & Jahreiss (GJ) 1150,-29.3,20.3,72.0
Gliese (Gl) 445,-8.267,11.06,10.89
Giclas (G) 267-18,9.46,-0.68,-42.3
Gliese & Jahreiss (GJ) 2019,-2.9,-0.9,-65.0
Gliese (Gl) 446,15.1,-47.6,29.4
FI Virginis,0.149,-5.504,9.392
Henry Draper (HD) 102540,67.1,-193.0,98.3
Denebola,-3.509,-11.21,34.22
Beta Virginis,0.598,-17.33,31.04
Gliese (Gl) 450,-7.03,0.38,27.0
Gliese & Jahreiss (GJ) 1152,-42.8,2.26,166.0
Woolley (Wo) 9376,107.0,-237.0,47.0
Gliese (Gl) 452.4,-17.8,-7.73,91.5
Gliese (Gl) 453,9.215,-26.11,18.36
Gliese (Gl) 47,-19.8,29.2,-0.91
Gliese & Jahreiss (GJ) 1153,15.5,-49.0,44.3
Gliese (Gl) 454,6.59,-26.0,32.4
Gliese (Gl) 454.1,12.2,-72.8,121.0
Gliese (Gl) 454.3,-20.0,11.0,67.0
Henry Draper (HD) 104731,30.5,-67.9,26.2
Omicron Virginis,2.15,-62.2,159.0
Gliese (Gl) 455.1,17.7,-51.1,49.7
Eta Crucis,30.62,-56.38,-2.668
Alpha Corvi,14.1,-35.8,29.0
Gliese (Gl) 456,8.95,-44.3,82.7
Gliese (Gl) 48,-15.6,23.1,4.47
McCook & Sion White Dwarf (WD) 1207-32,8.4,-36.0,59.0
Henry Draper (HD) 105631,-18.5,9.51,76.6
Woolley (Wo) 9393,-18.0,10.0,71.0
Giclas (G) 197-47,-23.4,24.8,56.5
Woolley (Wo) 9394,-0.4,-102.0,341.0
Gliese (Gl) 457,-32.9,36.6,78.3
Woolley (Wo) 9395,23.8,-77.8,117.0
Giclas (G) 123-13,-15.0,7.6,63.0
Henry Draper (HD) 106156,3.07,-33.3,95.3
12 Virginis,4.88,-52.6,153.0
Woolley (Wo) 9035,-75.3,114.0,48.3
Gliese (Gl) 458.2,-21.2,19.2,69.8
Delta Ursae Majoris,-27.5,30.4,70.4
Gliese (Gl) 459.2,-18.0,14.0,70.0
Sanford (SAN) 39,-9.5,-0.4,63.0
Woolley (Wo) 9403,-26.0,23.0,93.0
Gliese & Jahreiss (GJ) 1156,0.68,-6.46,20.3
Gliese (Gl) 459.3,-8.52,-3.58,79.8
Gliese (Gl) 460,-16.3,-15.6,196.0
Gliese (Gl) 462,-11.1,8.74,50.2
Gliese (Gl) 463,-21.6,27.9,47.0
Gliese & Jahreiss (GJ) 2020,-41.0,-4.2,-719.0
Gliese (Gl) 464,3.36,-18.7,66.6
Gliese (Gl) 464.1,-20.3,1.59,176.0
Gliese (Gl) 465,8.83,-18.9,20.1
Henry Draper (HD) 108081,33.1,-83.0,142.0
Gliese & Jahreiss (GJ) 2092,19.9,-33.8,-2.37
Gliese (Gl) 468,25.9,-52.5,56.6
Gliese (Gl) 469,4.59,-14.1,41.7
Woolley (Wo) 9407,50.9,-95.6,66.5
Luyten Palomar (LP) 377-100,-2.5,-7.6,70.0
Gliese (Gl) 469.1,35.2,-80.3,145.0
Gliese (Gl) 49,-16.4,23.8,-0.11
Gliese (Gl) 471,4.77,-13.5,41.3
Gliese & Jahreiss (GJ) 1160,-22.5,28.4,68.4
Eta Corvi,18.7,-36.6,42.9
Gliese (Gl) 472,27.5,-44.7,-5.7
Gliese (Gl) 474,-38.8,21.7,372.0
Beta Canum Venaticorum,-4.737,4.797,26.46
Henry Draper (HD) 109333,26.0,-49.6,61.8
Gliese (Gl) 476,6.65,-16.7,55.6
Gliese (Gl) 477,29.0,-49.0,17.0
Gliese (Gl) 479,16.1,-26.5,5.77
Gliese (Gl) 50,-24.0,25.0,-107.0
Gliese (Gl) 479.1,-50.9,76.4,72.1
In early 2004,27.0,-45.0,12.0
Gliese (Gl) 480,5.57,-12.5,48.2
Gliese & Jahreiss (GJ) 2096,45.4,-71.3,-23.1
Gliese (Gl) 480.1,12.3,-20.2,8.14
Gliese (Gl) 481,4.0,-8.98,45.6
Henry Draper (HD) 110463,-20.7,29.4,66.7
Gliese & Jahreiss (GJ) 1163,-0.4,-2.8,60.0
<B>Source for orbit data:</B> Mayor,-11.6,16.6,44.7
10 Canum Venaticorum,-6.99,9.36,55.4
Henry Draper (HD) 6101,-23.9,29.2,-58.9
Henry Draper (HD) 111031,33.4,-53.3,77.1
Giclas (G) 123-60,-12.0,17.8,61.7
Gliese (Gl) 485,-3.94,5.0,95.2
Gliese (Gl) 486,4.33,-6.88,25.5
Gliese & Jahreiss (GJ) 1165,25.6,-39.7,50.5
McCook & Sion White Dwarf (WD) 1246+586,-17.4,26.0,51.7
Gliese (Gl) 486.1,1.33,-2.12,56.0
Woolley (Wo) 9417,-23.4,35.9,66.1
Gliese (Gl) 487,-11.3,17.4,25.9
Henry Draper (HD) 111515,26.4,-39.9,97.2
Bonner Durchmusterung (BD) -11°192,-14.0,14.0,-64.0
McCook & Sion White Dwarf (WD) 1247+553,-13.0,19.0,44.0
Luyten Half-Second (LHS) 342,-20.7,31.5,71.9
Woolley (Wo) 9418,-61.7,95.4,118.0
Gliese (Gl) 488,8.81,-13.1,31.4
Woolley (Wo) 9420,-5.62,11.6,115.0
38 Virginis,31.4,-44.7,90.9
Gliese (Gl) 488.1,80.0,-119.0,59.1
Woolley (Wo) 9423,69.0,-102.0,41.0
Gliese (Gl) 489,29.8,-40.8,56.3
Gliese (Gl) 492,12.8,-16.1,46.7
Gliese (Gl) 51,-16.6,24.3,-0.24
Gliese (Gl) 493,26.5,-33.1,72.8
Gliese (Gl) 493.1,6.17,-7.57,24.7
Luyten Half-Second (LHS) 2668,31.0,-45.3,-0.6
DT Virginis,6.83,-7.07,36.0
Gliese (Gl) 496.1,29.3,-41.1,8.97
Gliese (Gl) 498,-11.8,24.4,66.0
40 Comae Berenices,7.8,-2.3,75.0
Henry Draper (HD) 113693,74.6,-110.0,-35.0
Woolley (Wo) 9427,-0.84,10.9,77.1
Woolley (Wo) 9429,23.8,-23.0,79.0
Henry Draper (HD) 225239,-41.0,98.0,-55.0
Gliese & Jahreiss (GJ) 1027,-23.3,29.1,-58.9
Henry Draper (HD) 114260,42.9,-52.4,57.1
RS Canum Venaticorum,-6.2,59.0,348.0
Gliese (Gl) 501.2,37.4,-47.9,27.8
Beta Comae Berenices,2.042,1.692,29.74
Giclas (G) 256-7,-27.0,43.0,32.0
Woolley (Wo) 9433,-149.0,250.0,276.0
Henry Draper (HD) 114783,23.7,-23.8,57.6
ER 8,27.8,-37.3,12.7
Gliese & Jahreiss (GJ) 1168,8.1,-3.0,58.0
Henry Draper (HD) 115019,-14.0,29.0,56.0
Woolley (Wo) 9036,-5.65,-0.63,-83.5
Gliese (Gl) 503.2,-18.3,37.2,72.8
57 Virginis,62.4,-70.4,85.3
59 Virginis,15.6,-11.2,55.3
Gliese & Jahreiss (GJ) 1170,-0.034,13.2,69.3
61 Virginis,13.62,-14.77,19.22
Henry Draper (HD) 115781,1.9,9.1,60.0
Gliese (Gl) 506.2,-78.7,125.0,94.3
Gliese (Gl) 507.1,2.0,8.53,56.0
Iota Centauri,34.0,-40.5,25.2
Gliese (Gl) 508.2,1.54,8.72,51.7
Woolley (Wo) 9037,9.22,-27.0,-128.0
Gliese (Gl) 508.3,54.9,-53.8,84.5
Gliese (Gl) 509.1,-17.3,38.6,70.1
Gliese (Gl) 510,30.0,-32.5,29.3
80 Ursae Majoris,-14.5,35.7,71.4
Gliese (Gl) 511,54.4,-56.6,60.3
Gliese (Gl) 511.1,-18.1,37.1,56.0
69 Virginis,131.0,-125.0,185.0
70 Virginis,15.6,-5.99,56.7
Gliese (Gl) 514,7.524,-3.585,23.44
Gliese (Gl) 515,27.3,-22.9,46.7
Gliese (Gl) 52,-27.8,39.7,1.2
Henry Draper (HD) 117635,42.4,-31.1,86.0
Giclas (G) 165-8,2.7,3.1,26.0
Gliese & Jahreiss (GJ) 2102,20.0,-9.59,56.0
Woolley (Wo) 9450,61.5,-66.9,38.3
Gliese & Jahreiss (GJ) 1172,24.7,-14.0,60.5
Woolley (Wo) 9452,-42.4,75.8,78.4
EQ Virginis,30.8,-24.2,51.3
Zeta Virginis,29.8,-19.2,64.1
Gliese & Jahreiss (GJ) 1173,27.0,-19.0,59.0
Gliese (Gl) 518,10.0,-5.86,24.0
Gliese (Gl) 52.1,17.0,-34.8,-87.8
Gliese (Gl) 518.1,36.3,-16.7,95.5
Gliese (Gl) 519,2.13,7.86,34.6
Gliese (Gl) 521,-2.28,15.5,40.3
Gliese (Gl) 521.1,22.0,-14.7,39.3
Gliese & Jahreiss (GJ) 1175,32.1,-32.1,23.0
Gliese (Gl) 522,33.6,-19.3,66.9
Gliese & Jahreiss (GJ) 1176,35.8,-21.5,67.2
Gliese (Gl) 524.1,40.5,-25.2,68.8
Gliese (Gl) 525,11.8,-0.15,40.9
Gliese (Gl) 525.1,40.2,-38.2,29.6
Gliese & Jahreiss (GJ) 1031,-1.6,-2.6,-43.0
Gliese (Gl) 526,5.479,-0.731,16.83
Giclas (G) 223-24,-12.9,38.3,66.3
Gliese & Jahreiss (GJ) 1178,22.7,-6.58,60.4
Gliese (Gl) 529,28.2,-22.8,28.7
Gliese (Gl) 530,40.6,-33.3,38.3
Gliese (Gl) 531,36.0,-38.5,9.7
Gliese (Gl) 532,-3.12,19.5,41.2
Luyten (L) 907-37,36.3,-23.2,52.5
Gliese (Gl) 533,24.0,-3.21,63.6
Gliese (Gl) 533.1,-21.2,50.6,66.5
Gliese (Gl) 53.2,-47.0,57.0,-75.0
Eta Boötis,11.12,1.103,35.27
Gliese (Gl) 534.2,-30.3,54.4,48.7
Gliese (Gl) 534.3,80.4,-69.7,52.9
Gliese (Gl) 535,20.7,7.92,74.5
Gliese (Gl) 536,17.3,-7.73,27.3
Vyssotsky McCormick (McC) 150,22.0,-1.0,55.0
Henry Draper (HD) 122676,30.8,0.48,79.4
Gliese (Gl) 538,22.0,-2.65,49.4
Pi Hydrae,68.6,-50.5,54.9
Theta Centauri,42.8,-35.9,24.5
Eta Ceti,-27.2,23.7,-112.0
Gliese (Gl) 539.1,56.4,-71.6,-21.1
Woolley (Wo) 9468,105.0,-115.0,-1.15
12 Boötis,32.5,19.1,114.0
Henry Draper (HD) 124106,46.9,-24.6,53.4
Gliese (Gl) 540,-22.0,39.5,33.1
50 Hydrae,160.0,-112.0,121.0
Henry Draper (HD) 124292,40.8,-15.2,58.2
Gliese (Gl) 540.2,23.0,-12.0,27.0
Woolley (Wo) 9472,37.7,-16.1,48.9
Henry Draper (HD) 124642,12.5,13.2,53.4
Woolley (Wo) 9043,-4.3,-14.1,-150.0
Gliese (Gl) 540.3,49.8,-43.8,17.7
Arcturus,12.98,3.517,34.16
Iota Virginis,41.3,-16.3,53.9
Lambda Boötis,2.87,41.6,87.7
Gliese (Gl) 541.1,65.1,-26.5,80.7
Gliese (Gl) 541.2,2.43,25.7,55.0
Gliese (Gl) 542,26.93,-27.64,0.838
Gliese (Gl) 542.2,42.4,-16.3,53.5
18 Boötis,36.6,2.04,76.8
Gliese (Gl) 545.1,66.2,-52.8,29.0
Beta Andromedae,-109.0,141.0,-89.9
Gliese (Gl) 546,11.7,11.6,44.0
Gliese (Gl) 547,31.8,-6.88,47.3
Gliese (Gl) 550,91.4,-82.2,16.8
McCook & Sion White Dwarf (WD) 1424+240,18.2,10.3,52.2
Gliese & Jahreiss (GJ) 2108,42.0,-56.0,-24.0
Gliese (Gl) 550.1,48.0,27.1,133.0
Gliese (Gl) 550.3,58.8,-48.6,17.2
Luyten Half-Second (LHS) 2924,7.34,10.5,31.9
Henry Draper (HD) 127068,33.2,2.8,62.7
Gliese (Gl) 552,20.1,3.98,41.8
